-- MySQL dump 10.13  Distrib 8.0.19, for Win64 (x86_64)
--
-- Host: localhost    Database: design&build
-- ------------------------------------------------------
-- Server version	8.0.19

/*!40101 SET @OLD_CHARACTER_SET_CLIENT=@@CHARACTER_SET_CLIENT */;
/*!40101 SET @OLD_CHARACTER_SET_RESULTS=@@CHARACTER_SET_RESULTS */;
/*!40101 SET @OLD_COLLATION_CONNECTION=@@COLLATION_CONNECTION */;
/*!50503 SET NAMES utf8 */;
/*!40103 SET @OLD_TIME_ZONE=@@TIME_ZONE */;
/*!40103 SET TIME_ZONE='+00:00' */;
/*!40014 SET @OLD_UNIQUE_CHECKS=@@UNIQUE_CHECKS, UNIQUE_CHECKS=0 */;
/*!40014 SET @OLD_FOREIGN_KEY_CHECKS=@@FOREIGN_KEY_CHECKS, FOREIGN_KEY_CHECKS=0 */;
/*!40101 SET @OLD_SQL_MODE=@@SQL_MODE, SQL_MODE='NO_AUTO_VALUE_ON_ZERO' */;
/*!40111 SET @OLD_SQL_NOTES=@@SQL_NOTES, SQL_NOTES=0 */;

--
-- Table structure for table `administrator`
--

DROP TABLE IF EXISTS `administrator`;
/*!40101 SET @saved_cs_client     = @@character_set_client */;
/*!50503 SET character_set_client = utf8mb4 */;
CREATE TABLE `administrator` (
  `idADMINISTRATOR` int NOT NULL,
  `administratorPassword` varchar(45) NOT NULL,
  `name` varchar(45) NOT NULL,
  `tel` varchar(45) NOT NULL,
  PRIMARY KEY (`idADMINISTRATOR`)
) ENGINE=InnoDB DEFAULT CHARSET=utf8;
/*!40101 SET character_set_client = @saved_cs_client */;

--
-- Dumping data for table `administrator`
--

LOCK TABLES `administrator` WRITE;
/*!40000 ALTER TABLE `administrator` DISABLE KEYS */;
INSERT INTO `administrator` VALUES (111111,'e10adc3949ba59abbe56e057f20f883e','Tim','19956743320');
/*!40000 ALTER TABLE `administrator` ENABLE KEYS */;
UNLOCK TABLES;

--
-- Table structure for table `business`
--

DROP TABLE IF EXISTS `business`;
/*!40101 SET @saved_cs_client     = @@character_set_client */;
/*!50503 SET character_set_client = utf8mb4 */;
CREATE TABLE `business` (
  `idBUSINESS` int NOT NULL,
  `businessPassword` varchar(45) NOT NULL,
  `businessName` varchar(45) NOT NULL,
  PRIMARY KEY (`idBUSINESS`)
) ENGINE=InnoDB DEFAULT CHARSET=utf8;
/*!40101 SET character_set_client = @saved_cs_client */;

--
-- Dumping data for table `business`
--

LOCK TABLES `business` WRITE;
/*!40000 ALTER TABLE `business` DISABLE KEYS */;
INSERT INTO `business` VALUES (10001,'0b4e7a0e5fe84ad35fb5f95b9ceeac79','乐器商家1'),(10002,'2a7fbaa250dcb315c1d59e2078d03f7f','乐器商家2'),(10003,'68164dc6ab840d3e8105da8199110400','乐器商家3'),(10004,'28e217f1cb752ea56cb0a4dabbb6f95c','乐器商家4'),(10005,'bcd98ca534a0c5b8d3136cc417548538','乐器商家5'),(10006,'3a675bc4bfe1ab4a409fba6ee5d4724d','乐器商家6'),(10007,'3bb88411c1dd1d4a627210570301a437','乐器商家7'),(10008,'d3c90d7c3d193093db775301d7022fb8','乐器商家8'),(10009,'a61507ec0a6d28a1a0d7391c4c909727','乐器商家9'),(10010,'e39e127c18afd0aab6acc302e30a1fa6','乐器商家10'),(10011,'cb73446c41cf6088236f54349819b5d1','乐器商家11'),(10012,'00e310825cc923c3fb33bc969f274131','乐器商家12'),(10013,'bf184d2b245e01c84d0066803ddb31d3','乐器商家13'),(10014,'744b3e991886392c2eaac2188fa30864','乐器商家14'),(10015,'85e6019e5801d99ab67ea3a26fa444e5','乐器商家15'),(10016,'a516519f6155ebde8606fed1a5402874','乐器商家16'),(10017,'649c88ce16153f6a605ab904900de1d4','乐器商家17'),(10018,'3e5d2b89fa4f5386b359fe30b3042696','乐器商家18'),(10019,'85db4e5d2ca588276eb6b531c6299cd8','乐器商家19'),(10020,'25534daa495e64377e9a22dcbae12109','乐器商家20'),(10021,'6b6087f83c902abff09ab1de09dfd11d','乐器商家21'),(10022,'0a63971a03b04b9b5d2f134e0df05068','乐器商家22'),(10023,'aa772ca7268308255562389198f1aeaa','乐器商家23'),(10024,'715a1fa5181c39afd2636e6176555ef9','乐器商家24'),(10025,'163072a0e337858e4f1569a900d80eae','乐器商家25'),(10026,'f5c803860887182901df17fcba288fc1','乐器商家26'),(10027,'c604c240a04a3f92d1beb9dcbcb295ae','乐器商家27'),(10028,'58239e86743aecf007ef1fc1b1c65160','乐器商家28'),(10029,'f9c9d8f2bdc8321008245c38d4e6432a','乐器商家29'),(10030,'493c49899f9e38a6ca1c9548608819a8','乐器商家30'),(10031,'cb8267e7cc690b632ce8e00454ddcf9c','乐器商家31'),(10032,'0a07000f99eb710c025b2422cff9bd0e','乐器商家32'),(10033,'cbabf7ed005ddf67dda069b208621ca6','乐器商家33'),(10034,'818a6ae0bb408dd2f7b948bce7b62bd8','乐器商家34'),(10035,'1746f4a57ca44fcd5703f13bbe272361','乐器商家35'),(10036,'91d1b9c7434b889a784f1efd3db8cebc','乐器商家36'),(10037,'1c6d937e57c92733d61cd9d53169a36a','乐器商家37'),(10038,'7de9a56e37d0ffc349cc48ebe9dd994f','乐器商家38'),(10039,'4d6e321186c087a80a2d89d07c448147','乐器商家39'),(10040,'6917da35732d19e072173002920985b1','乐器商家40'),(10041,'deff6ce215898bbbbc675ef1dc9856ba','乐器商家41'),(10042,'9ed845cd486da9386df56a65d63bff02','乐器商家42'),(10043,'c48f738f73d7c21c1c07a02e676e5af8','乐器商家43'),(10044,'eb0e36410d94490a636ab2df4fa46d6f','乐器商家44'),(10045,'439edba44e36b30c6565734c48703b71','乐器商家45'),(10046,'a3b617cdc13b1f13465d06ab58e4c3c6','乐器商家46'),(10047,'3d22dcf44bb598b443895ec00df6d380','乐器商家47'),(10048,'5c8c05b2defba21b608cc95f50f9b61e','乐器商家48'),(10049,'9fd5749b453d0e6cd3c6bd32065807b2','乐器商家49'),(10050,'30ea2f5ccee90d77d8cd942bec3bbfa2','乐器商家50'),(10051,'e4eee7561db65ad64016aa06c39c4a93','电子产品商家1'),(10052,'0109f551196d3042e40d80fad40ef5f1','电子产品商家2'),(10053,'2417bd75bba7c60b3a8adc9d5fcbc393','电子产品商家3'),(10054,'20c004627cd993989e417309687e5341','电子产品商家4'),(10055,'cf48e2dc6476a9a5739f7c91c63df1d1','电子产品商家5'),(10056,'13ec517d227d9487ee843e32ce5cfa31','电子产品商家6'),(10057,'8392e31c86a2197ddde4d0589b375770','电子产品商家7'),(10058,'8836d9bf289897703e6e31e6829eed71','电子产品商家8'),(10059,'220c307220b67c45b6bcdfb5727449e1','电子产品商家9'),(10060,'2d62148125c75b1ba39d467a49fbe74a','电子产品商家10'),(10061,'fed3be618bede2e2a1a7d5499eb8811d','电子产品商家11'),(10062,'7f5a8cc6cd8e07857b6364304675b2ba','电子产品商家12'),(10063,'30d0ad377e8008cd871116fb7be94244','电子产品商家13'),(10064,'91bed2a622905195f5c2d8c44cd8dbab','电子产品商家14'),(10065,'108a5e71bd78446bfb55b2346df68395','电子产品商家15'),(10066,'c527b736360b75bca47332bb11e1d8aa','电子产品商家16'),(10067,'7daeba68c77253d8208a0a437ccee420','电子产品商家17'),(10068,'70c5ccdb3b0d09abcc71f2e8d73f1b7d','电子产品商家18'),(10069,'0fa6ec6099122a72ba5d24aef3c4c051','电子产品商家19'),(10070,'e0f8600cfcea1dbcb4965837513da44b','电子产品商家20');
/*!40000 ALTER TABLE `business` ENABLE KEYS */;
UNLOCK TABLES;

--
-- Table structure for table `cart`
--

DROP TABLE IF EXISTS `cart`;
/*!40101 SET @saved_cs_client     = @@character_set_client */;
/*!50503 SET character_set_client = utf8mb4 */;
CREATE TABLE `cart` (
  `idCART` int NOT NULL,
  `cartPrice` float DEFAULT NULL,
  `USER_idUSER` int NOT NULL,
  PRIMARY KEY (`idCART`),
  KEY `fk_CART_USER1_idx` (`USER_idUSER`),
  CONSTRAINT `fk_CART_USER1` FOREIGN KEY (`USER_idUSER`) REFERENCES `user` (`idUSER`)
) ENGINE=InnoDB DEFAULT CHARSET=utf8;
/*!40101 SET character_set_client = @saved_cs_client */;

--
-- Dumping data for table `cart`
--

LOCK TABLES `cart` WRITE;
/*!40000 ALTER TABLE `cart` DISABLE KEYS */;
INSERT INTO `cart` VALUES (1100,NULL,1000),(1101,NULL,1001),(1102,NULL,1002),(1103,NULL,1003),(1104,NULL,1004),(1105,NULL,1005),(1106,NULL,1006),(1107,NULL,1007),(1108,NULL,1008),(1109,NULL,1009),(1110,NULL,1010),(1111,NULL,1011),(1112,NULL,1012),(1113,NULL,1013),(1114,NULL,1014),(1115,NULL,1015),(1116,NULL,1016),(1117,NULL,1017),(1118,NULL,1018),(1119,NULL,1019),(1120,NULL,1020),(1121,NULL,1021),(1122,NULL,1022),(1123,NULL,1023),(1124,NULL,1024),(1125,NULL,1025),(1126,NULL,1026),(1127,NULL,1027),(1128,NULL,1028),(1129,NULL,1029),(1130,NULL,1030),(1131,NULL,1031),(1132,NULL,1032),(1133,NULL,1033),(1134,NULL,1034),(1135,NULL,1035),(1136,NULL,1036),(1137,NULL,1037),(1138,NULL,1038),(1139,NULL,1039),(1140,NULL,1040),(1141,NULL,1041),(1142,NULL,1042),(1143,NULL,1043),(1144,NULL,1044),(1145,NULL,1045),(1146,NULL,1046),(1147,NULL,1047),(1148,NULL,1048),(1149,NULL,1049),(1150,NULL,1050),(1151,NULL,1051),(1152,NULL,1052),(1153,NULL,1053),(1154,NULL,1054),(1155,NULL,1055),(1156,NULL,1056),(1157,NULL,1057),(1158,NULL,1058),(1159,NULL,1059),(1160,NULL,1060),(1161,NULL,1061),(1162,NULL,1062),(1163,NULL,1063),(1164,NULL,1064),(1165,NULL,1065),(1166,NULL,1066),(1167,NULL,1067),(1168,NULL,1068),(1169,NULL,1069),(1170,NULL,1070),(1171,NULL,1071),(1172,NULL,1072),(1173,NULL,1073),(1174,NULL,1074),(1175,NULL,1075),(1176,NULL,1076),(1177,NULL,1077),(1178,NULL,1078),(1179,NULL,1079),(1180,NULL,1080),(1181,NULL,1081),(1182,NULL,1082),(1183,NULL,1083),(1184,NULL,1084),(1185,NULL,1085),(1186,NULL,1086),(1187,NULL,1087),(1188,NULL,1088),(1189,NULL,1089),(1190,NULL,1090),(1191,NULL,1091),(1192,NULL,1092),(1193,NULL,1093),(1194,NULL,1094),(1195,NULL,1095),(1196,NULL,1096),(1197,NULL,1097),(1198,NULL,1098),(1199,NULL,1099);
/*!40000 ALTER TABLE `cart` ENABLE KEYS */;
UNLOCK TABLES;

--
-- Table structure for table `cart_record`
--

DROP TABLE IF EXISTS `cart_record`;
/*!40101 SET @saved_cs_client     = @@character_set_client */;
/*!50503 SET character_set_client = utf8mb4 */;
CREATE TABLE `cart_record` (
  `idCART_RECORD` int NOT NULL,
  `quantity` int NOT NULL,
  `COMMODITY_idCOMMODITY` int NOT NULL,
  `CART_idCART` int NOT NULL,
  PRIMARY KEY (`idCART_RECORD`),
  KEY `fk_RECORD_COMMODITY1_idx` (`COMMODITY_idCOMMODITY`),
  KEY `fk_CART_RECORD_CART1_idx` (`CART_idCART`),
  CONSTRAINT `fk_CART_RECORD_CART1` FOREIGN KEY (`CART_idCART`) REFERENCES `cart` (`idCART`),
  CONSTRAINT `fk_RECORD_COMMODITY1` FOREIGN KEY (`COMMODITY_idCOMMODITY`) REFERENCES `commodity` (`idCOMMODITY`)
) ENGINE=InnoDB DEFAULT CHARSET=utf8;
/*!40101 SET character_set_client = @saved_cs_client */;

--
-- Dumping data for table `cart_record`
--

LOCK TABLES `cart_record` WRITE;
/*!40000 ALTER TABLE `cart_record` DISABLE KEYS */;
INSERT INTO `cart_record` VALUES (10000,3,10227,1130),(10001,2,10074,1161),(10002,7,10212,1146),(10003,4,10344,1179),(10004,1,10193,1151),(10005,8,10267,1158),(10006,8,10082,1174),(10007,2,10372,1182),(10008,5,10132,1184),(10009,4,10336,1172),(10010,2,10229,1196),(10011,3,10202,1191),(10012,10,10045,1179),(10013,3,10381,1162),(10014,4,10300,1133),(10015,8,10363,1137),(10016,8,10385,1151),(10017,7,10142,1143),(10018,8,10191,1164),(10019,2,10219,1129),(10020,10,10386,1141),(10021,9,10356,1138),(10022,3,10297,1177),(10023,8,10238,1144),(10024,9,10373,1115),(10025,2,10020,1115),(10026,5,10314,1110),(10027,9,10147,1186),(10028,4,10083,1105),(10029,2,10148,1147),(10030,7,10082,1186),(10031,5,10240,1171),(10032,3,10243,1165),(10033,7,10157,1151),(10034,8,10245,1117),(10035,9,10318,1142),(10036,1,10348,1116),(10037,8,10339,1178),(10038,4,10205,1103),(10039,7,10293,1109),(10040,7,10383,1168),(10041,3,10283,1158),(10042,8,10297,1115),(10043,1,10104,1183),(10044,6,10356,1169),(10045,1,10295,1180),(10046,10,10092,1133),(10047,5,10284,1101),(10048,6,10031,1149),(10049,4,10074,1183),(10050,10,10308,1114),(10051,5,10323,1152),(10052,1,10091,1110),(10053,5,10190,1139),(10054,9,10000,1104),(10055,1,10200,1190),(10056,4,10274,1137),(10057,5,10068,1195),(10058,9,10208,1109),(10059,8,10244,1160),(10060,6,10294,1129),(10061,2,10331,1141),(10062,7,10322,1124),(10063,5,10348,1173),(10064,3,10071,1182),(10065,8,10361,1144),(10066,4,10004,1103),(10067,10,10138,1160),(10068,3,10380,1171),(10069,4,10271,1188),(10070,3,10127,1114),(10071,1,10074,1133),(10072,4,10350,1176),(10073,10,10384,1183),(10074,1,10340,1108),(10075,7,10218,1111),(10076,3,10103,1157),(10077,10,10023,1196),(10078,2,10240,1104),(10079,7,10096,1108),(10080,8,10193,1113),(10081,1,10060,1158),(10082,5,10023,1111),(10083,4,10363,1116),(10084,10,10293,1167),(10085,7,10112,1175),(10086,5,10348,1114),(10087,2,10027,1140),(10088,7,10307,1194),(10089,10,10066,1151),(10090,6,10163,1161),(10091,5,10349,1106),(10092,10,10181,1178),(10093,2,10140,1152),(10094,1,10145,1118),(10095,7,10311,1186),(10096,1,10020,1167),(10097,10,10318,1195),(10098,4,10116,1128),(10099,3,10315,1125),(10100,7,10330,1107),(10101,1,10121,1130),(10102,8,10320,1123),(10103,7,10063,1116),(10104,10,10224,1196),(10105,8,10350,1153),(10106,6,10080,1184),(10107,9,10189,1140),(10108,3,10189,1108),(10109,8,10375,1182),(10110,9,10298,1153),(10111,4,10368,1135),(10112,8,10151,1110),(10113,7,10361,1131),(10114,4,10078,1117),(10115,4,10030,1101),(10116,4,10053,1167),(10117,7,10165,1137),(10118,6,10179,1152),(10119,5,10197,1101),(10120,10,10210,1132),(10121,7,10114,1158),(10122,6,10064,1192),(10123,6,10143,1106),(10124,9,10178,1153),(10125,9,10099,1156),(10126,5,10031,1167),(10127,8,10231,1134),(10128,10,10061,1132),(10129,3,10255,1117),(10130,2,10223,1122),(10131,6,10045,1171),(10132,8,10136,1115),(10133,1,10080,1164),(10134,4,10189,1151),(10135,8,10384,1130),(10136,6,10221,1184),(10137,6,10000,1153),(10138,1,10361,1185),(10139,7,10039,1184),(10140,1,10202,1110),(10141,9,10122,1137),(10142,6,10088,1174),(10143,7,10347,1127),(10144,5,10187,1162),(10145,3,10273,1151),(10146,4,10243,1164),(10147,9,10076,1142),(10148,8,10271,1139),(10149,3,10127,1191),(10150,2,10117,1114),(10151,5,10218,1176),(10152,7,10239,1157),(10153,1,10061,1126),(10154,5,10050,1177),(10155,3,10343,1191),(10156,9,10244,1119),(10157,5,10026,1165),(10158,7,10390,1163),(10159,5,10092,1141),(10160,10,10131,1127),(10161,7,10260,1148),(10162,1,10349,1162),(10163,1,10028,1130),(10164,5,10026,1139),(10165,9,10155,1101),(10166,4,10282,1173),(10167,8,10378,1114),(10168,1,10339,1134),(10169,3,10014,1106),(10170,5,10043,1144),(10171,7,10308,1115),(10172,2,10208,1150),(10173,3,10180,1126),(10174,5,10318,1184),(10175,7,10262,1135),(10176,9,10390,1169),(10177,5,10216,1174),(10178,3,10322,1172),(10179,7,10069,1175),(10180,9,10255,1100),(10181,2,10006,1164),(10182,3,10343,1187),(10183,2,10058,1189),(10184,6,10352,1179),(10185,5,10231,1109),(10186,6,10301,1141),(10187,10,10284,1193),(10188,4,10295,1195),(10189,3,10181,1172),(10190,4,10091,1165),(10191,4,10017,1142),(10192,2,10090,1154),(10193,8,10064,1152),(10194,1,10131,1198),(10195,2,10274,1161),(10196,8,10387,1159),(10197,7,10393,1174),(10198,3,10280,1139),(10199,6,10094,1155),(10200,4,10233,1184),(10201,6,10163,1128),(10202,4,10017,1157),(10203,4,10063,1106),(10204,3,10166,1160),(10205,6,10301,1194),(10206,5,10315,1196),(10207,2,10324,1132),(10208,6,10286,1140),(10209,7,10115,1137),(10210,1,10191,1157),(10211,8,10363,1190),(10212,9,10039,1101),(10213,6,10043,1139),(10214,2,10322,1125),(10215,10,10272,1109),(10216,6,10085,1174),(10217,8,10289,1131),(10218,5,10305,1127),(10219,10,10112,1139),(10220,10,10044,1160),(10221,5,10028,1182),(10222,10,10181,1192),(10223,10,10191,1140),(10224,5,10038,1137),(10225,9,10112,1166),(10226,5,10006,1113),(10227,5,10178,1163),(10228,2,10389,1148),(10229,4,10110,1183),(10230,9,10028,1104),(10231,10,10225,1122),(10232,5,10202,1188),(10233,3,10316,1117),(10234,9,10052,1116),(10235,6,10238,1117),(10236,8,10303,1186),(10237,7,10381,1151),(10238,8,10269,1187),(10239,6,10260,1140),(10240,1,10272,1104),(10241,8,10217,1182),(10242,5,10130,1155),(10243,5,10042,1105),(10244,2,10351,1137),(10245,10,10011,1191),(10246,1,10114,1173),(10247,10,10235,1166),(10248,2,10100,1132),(10249,7,10369,1114),(10250,8,10110,1105),(10251,4,10342,1105),(10252,1,10277,1123),(10253,6,10383,1165),(10254,5,10296,1104),(10255,9,10177,1177),(10256,8,10037,1112),(10257,4,10289,1160),(10258,6,10020,1193),(10259,10,10252,1184),(10260,4,10241,1123),(10261,4,10056,1161),(10262,9,10130,1195),(10263,8,10102,1178),(10264,4,10282,1136),(10265,5,10304,1135),(10266,6,10252,1117),(10267,5,10182,1193),(10268,6,10041,1154),(10269,1,10315,1120),(10270,7,10241,1155),(10271,9,10032,1117),(10272,2,10272,1132),(10273,8,10039,1118),(10274,1,10155,1187),(10275,5,10196,1180),(10276,1,10316,1199),(10277,1,10091,1142),(10278,8,10179,1191),(10279,10,10248,1161),(10280,6,10115,1190),(10281,3,10150,1135),(10282,6,10243,1136),(10283,4,10144,1112),(10284,8,10038,1100),(10285,6,10143,1109),(10286,7,10056,1103),(10287,7,10364,1104),(10288,9,10092,1195),(10289,10,10073,1174),(10290,1,10264,1149),(10291,5,10196,1165),(10292,9,10148,1155),(10293,7,10248,1158),(10294,1,10010,1114),(10295,1,10338,1166),(10296,10,10240,1119),(10297,3,10270,1155),(10298,2,10168,1122),(10299,1,10012,1111),(10300,10,10155,1107),(10301,4,10004,1112),(10302,4,10283,1186),(10303,2,10041,1138),(10304,6,10223,1176),(10305,2,10384,1193),(10306,8,10065,1126),(10307,4,10338,1153),(10308,10,10232,1196),(10309,10,10019,1116),(10310,2,10059,1100),(10311,4,10292,1137),(10312,3,10051,1181),(10313,1,10382,1106),(10314,10,10021,1139),(10315,10,10251,1102),(10316,7,10369,1101),(10317,5,10030,1121),(10318,6,10051,1115),(10319,4,10307,1132),(10320,1,10014,1116),(10321,5,10242,1177),(10322,7,10212,1197),(10323,8,10097,1176),(10324,4,10086,1134),(10325,3,10393,1175),(10326,2,10166,1145),(10327,7,10359,1106),(10328,1,10154,1164),(10329,4,10160,1192),(10330,2,10353,1116),(10331,10,10176,1189),(10332,1,10386,1114),(10333,9,10079,1111),(10334,1,10352,1125),(10335,5,10118,1177),(10336,5,10063,1186),(10337,6,10184,1123),(10338,9,10192,1175),(10339,9,10214,1134),(10340,2,10001,1132),(10341,8,10166,1189),(10342,2,10077,1154),(10343,8,10072,1106),(10344,3,10021,1106),(10345,1,10393,1170),(10346,1,10047,1196),(10347,8,10030,1121),(10348,1,10015,1127),(10349,6,10059,1169),(10350,10,10166,1179),(10351,1,10060,1171),(10352,9,10205,1112),(10353,10,10188,1111),(10354,5,10323,1177),(10355,5,10235,1118),(10356,10,10240,1102),(10357,4,10355,1185),(10358,5,10245,1114),(10359,9,10347,1126),(10360,9,10337,1138),(10361,6,10348,1113),(10362,9,10312,1136),(10363,6,10163,1189),(10364,1,10027,1133),(10365,5,10338,1101),(10366,9,10135,1148),(10367,9,10016,1111),(10368,6,10308,1132),(10369,9,10371,1168),(10370,9,10271,1126),(10371,2,10342,1137),(10372,9,10303,1132),(10373,6,10118,1146),(10374,9,10091,1169),(10375,2,10030,1179),(10376,5,10132,1104),(10377,10,10084,1199),(10378,8,10261,1114),(10379,8,10130,1193),(10380,1,10254,1144),(10381,4,10232,1135),(10382,9,10336,1152),(10383,7,10369,1141),(10384,4,10095,1191),(10385,5,10393,1113),(10386,10,10230,1193),(10387,8,10044,1190),(10388,6,10390,1105),(10389,2,10010,1185),(10390,2,10356,1123),(10391,4,10388,1187),(10392,7,10002,1109),(10393,5,10041,1194),(10394,6,10034,1123),(10395,9,10237,1179),(10396,4,10324,1101),(10397,7,10367,1191),(10398,6,10220,1142),(10399,4,10309,1130),(10400,5,10212,1166),(10401,8,10104,1112),(10402,8,10108,1198),(10403,7,10074,1104),(10404,5,10127,1116),(10405,2,10291,1172),(10406,8,10148,1117),(10407,2,10397,1159),(10408,10,10124,1147),(10409,9,10142,1191),(10410,2,10348,1198),(10411,9,10103,1151),(10412,7,10080,1192),(10413,3,10338,1111),(10414,7,10072,1127),(10415,3,10142,1146),(10416,6,10235,1192),(10417,9,10317,1174),(10418,7,10155,1186),(10419,2,10284,1184),(10420,5,10275,1145),(10421,2,10363,1147),(10422,2,10382,1105),(10423,1,10385,1141),(10424,3,10132,1150),(10425,9,10215,1175),(10426,8,10358,1124),(10427,3,10358,1153),(10428,5,10373,1165),(10429,7,10089,1159),(10430,9,10323,1102),(10431,1,10333,1123),(10432,6,10094,1181),(10433,1,10314,1152),(10434,8,10373,1104),(10435,6,10056,1153),(10436,7,10377,1155),(10437,7,10141,1171),(10438,7,10209,1155),(10439,2,10326,1115),(10440,2,10119,1189),(10441,3,10236,1184),(10442,7,10372,1104),(10443,9,10356,1136),(10444,7,10123,1137),(10445,3,10050,1151),(10446,5,10379,1147),(10447,10,10204,1169),(10448,4,10265,1198),(10449,6,10382,1177),(10450,10,10117,1160),(10451,9,10381,1158),(10452,5,10203,1105),(10453,9,10052,1185),(10454,8,10273,1142),(10455,7,10000,1135),(10456,9,10035,1155),(10457,7,10286,1161),(10458,3,10134,1166),(10459,6,10387,1135),(10460,6,10269,1145),(10461,5,10369,1107),(10462,8,10248,1199),(10463,9,10343,1164),(10464,8,10348,1129),(10465,6,10010,1150),(10466,7,10117,1136),(10467,7,10380,1182),(10468,5,10093,1179),(10469,10,10219,1124),(10470,3,10170,1165),(10471,5,10139,1106),(10472,6,10199,1112),(10473,9,10144,1189),(10474,8,10196,1159),(10475,10,10335,1104),(10476,4,10304,1150),(10477,4,10236,1114),(10478,6,10343,1187),(10479,8,10030,1196),(10480,3,10279,1191),(10481,3,10215,1197),(10482,9,10029,1181),(10483,6,10105,1129),(10484,9,10272,1184),(10485,7,10103,1171),(10486,7,10341,1156),(10487,2,10136,1111),(10488,1,10044,1141),(10489,5,10077,1103),(10490,3,10101,1187),(10491,9,10070,1165),(10492,5,10347,1154),(10493,8,10137,1112),(10494,3,10346,1144),(10495,1,10219,1172),(10496,10,10024,1179),(10497,5,10010,1133),(10498,6,10228,1164),(10499,1,10106,1142);
/*!40000 ALTER TABLE `cart_record` ENABLE KEYS */;
UNLOCK TABLES;

--
-- Table structure for table `commodity`
--

DROP TABLE IF EXISTS `commodity`;
/*!40101 SET @saved_cs_client     = @@character_set_client */;
/*!50503 SET character_set_client = utf8mb4 */;
CREATE TABLE `commodity` (
  `idCOMMODITY` int NOT NULL,
  `itemName` varchar(45) NOT NULL,
  `keyNumber` int DEFAULT NULL,
  `date` date DEFAULT NULL,
  `people` varchar(45) DEFAULT NULL,
  `advancedFunctions` varchar(45) DEFAULT NULL,
  `price` float NOT NULL,
  `color` varchar(45) DEFAULT NULL,
  `stock` int DEFAULT NULL,
  `description` varchar(45) DEFAULT NULL,
  `coarseClass` varchar(45) NOT NULL,
  `fineClass` varchar(45) NOT NULL,
  `BUSINESS_idBUSINESS` int NOT NULL,
  PRIMARY KEY (`idCOMMODITY`),
  KEY `fk_COMMODITY_BUINESS1_idx` (`BUSINESS_idBUSINESS`),
  CONSTRAINT `fk_COMMODITY_BUINESS1` FOREIGN KEY (`BUSINESS_idBUSINESS`) REFERENCES `business` (`idBUSINESS`)
) ENGINE=InnoDB DEFAULT CHARSET=utf8;
/*!40101 SET character_set_client = @saved_cs_client */;

--
-- Dumping data for table `commodity`
--

LOCK TABLES `commodity` WRITE;
/*!40000 ALTER TABLE `commodity` DISABLE KEYS */;
INSERT INTO `commodity` VALUES (10000,'电子琴商品1',NULL,NULL,NULL,NULL,8615,NULL,NULL,NULL,'乐器','电子琴',10011),(10001,'电子琴商品2',NULL,NULL,NULL,NULL,6555,NULL,NULL,NULL,'乐器','电子琴',10030),(10002,'电子琴商品3',NULL,NULL,NULL,NULL,8868,NULL,NULL,NULL,'乐器','电子琴',10007),(10003,'电子琴商品4',NULL,NULL,NULL,NULL,1677,NULL,NULL,NULL,'乐器','电子琴',10009),(10004,'电子琴商品5',NULL,NULL,NULL,NULL,7401,NULL,NULL,NULL,'乐器','电子琴',10005),(10005,'电子琴商品6',NULL,NULL,NULL,NULL,3928,NULL,NULL,NULL,'乐器','电子琴',10032),(10006,'电子琴商品7',NULL,NULL,NULL,NULL,7105,NULL,NULL,NULL,'乐器','电子琴',10010),(10007,'电子琴商品8',NULL,NULL,NULL,NULL,1152,NULL,NULL,NULL,'乐器','电子琴',10016),(10008,'电子琴商品9',NULL,NULL,NULL,NULL,4251,NULL,NULL,NULL,'乐器','电子琴',10010),(10009,'电子琴商品10',NULL,NULL,NULL,NULL,7864,NULL,NULL,NULL,'乐器','电子琴',10006),(10010,'电子琴商品11',NULL,NULL,NULL,NULL,9308,NULL,NULL,NULL,'乐器','电子琴',10003),(10011,'电子琴商品12',NULL,NULL,NULL,NULL,3939,NULL,NULL,NULL,'乐器','电子琴',10007),(10012,'电子琴商品13',NULL,NULL,NULL,NULL,3656,NULL,NULL,NULL,'乐器','电子琴',10010),(10013,'电子琴商品14',NULL,NULL,NULL,NULL,9706,NULL,NULL,NULL,'乐器','电子琴',10021),(10014,'电子琴商品15',NULL,NULL,NULL,NULL,2014,NULL,NULL,NULL,'乐器','电子琴',10011),(10015,'电子琴商品16',NULL,NULL,NULL,NULL,7069,NULL,NULL,NULL,'乐器','电子琴',10002),(10016,'电子琴商品17',NULL,NULL,NULL,NULL,6924,NULL,NULL,NULL,'乐器','电子琴',10045),(10017,'电子琴商品18',NULL,NULL,NULL,NULL,5550,NULL,NULL,NULL,'乐器','电子琴',10003),(10018,'电子琴商品19',NULL,NULL,NULL,NULL,6143,NULL,NULL,NULL,'乐器','电子琴',10004),(10019,'电子琴商品20',NULL,NULL,NULL,NULL,4511,NULL,NULL,NULL,'乐器','电子琴',10030),(10020,'电子琴商品21',NULL,NULL,NULL,NULL,3221,NULL,NULL,NULL,'乐器','电子琴',10009),(10021,'电子琴商品22',NULL,NULL,NULL,NULL,1799,NULL,NULL,NULL,'乐器','电子琴',10025),(10022,'电子琴商品23',NULL,NULL,NULL,NULL,9805,NULL,NULL,NULL,'乐器','电子琴',10003),(10023,'电子琴商品24',NULL,NULL,NULL,NULL,6102,NULL,NULL,NULL,'乐器','电子琴',10029),(10024,'电子琴商品25',NULL,NULL,NULL,NULL,1526,NULL,NULL,NULL,'乐器','电子琴',10007),(10025,'电子琴商品26',NULL,NULL,NULL,NULL,6074,NULL,NULL,NULL,'乐器','电子琴',10001),(10026,'电子琴商品27',NULL,NULL,NULL,NULL,2397,NULL,NULL,NULL,'乐器','电子琴',10028),(10027,'电子琴商品28',NULL,NULL,NULL,NULL,5776,NULL,NULL,NULL,'乐器','电子琴',10003),(10028,'电子琴商品29',NULL,NULL,NULL,NULL,3042,NULL,NULL,NULL,'乐器','电子琴',10010),(10029,'电子琴商品30',NULL,NULL,NULL,NULL,7379,NULL,NULL,NULL,'乐器','电子琴',10027),(10030,'电子琴商品31',NULL,NULL,NULL,NULL,1895,NULL,NULL,NULL,'乐器','电子琴',10002),(10031,'电子琴商品32',NULL,NULL,NULL,NULL,4227,NULL,NULL,NULL,'乐器','电子琴',10001),(10032,'电子琴商品33',NULL,NULL,NULL,NULL,775,NULL,NULL,NULL,'乐器','电子琴',10007),(10033,'电子琴商品34',NULL,NULL,NULL,NULL,8699,NULL,NULL,NULL,'乐器','电子琴',10026),(10034,'电子琴商品35',NULL,NULL,NULL,NULL,7436,NULL,NULL,NULL,'乐器','电子琴',10002),(10035,'电子琴商品36',NULL,NULL,NULL,NULL,7263,NULL,NULL,NULL,'乐器','电子琴',10008),(10036,'电子琴商品37',NULL,NULL,NULL,NULL,6203,NULL,NULL,NULL,'乐器','电子琴',10008),(10037,'电子琴商品38',NULL,NULL,NULL,NULL,3572,NULL,NULL,NULL,'乐器','电子琴',10004),(10038,'电子琴商品39',NULL,NULL,NULL,NULL,3262,NULL,NULL,NULL,'乐器','电子琴',10004),(10039,'电子琴商品40',NULL,NULL,NULL,NULL,5795,NULL,NULL,NULL,'乐器','电子琴',10006),(10040,'电子琴商品41',NULL,NULL,NULL,NULL,7928,NULL,NULL,NULL,'乐器','电子琴',10006),(10041,'电子琴商品42',NULL,NULL,NULL,NULL,4819,NULL,NULL,NULL,'乐器','电子琴',10008),(10042,'电子琴商品43',NULL,NULL,NULL,NULL,6592,NULL,NULL,NULL,'乐器','电子琴',10042),(10043,'电子琴商品44',NULL,NULL,NULL,NULL,4285,NULL,NULL,NULL,'乐器','电子琴',10008),(10044,'电子琴商品45',NULL,NULL,NULL,NULL,8304,NULL,NULL,NULL,'乐器','电子琴',10006),(10045,'电子琴商品46',NULL,NULL,NULL,NULL,4962,NULL,NULL,NULL,'乐器','电子琴',10010),(10046,'电子琴商品47',NULL,NULL,NULL,NULL,3662,NULL,NULL,NULL,'乐器','电子琴',10009),(10047,'电子琴商品48',NULL,NULL,NULL,NULL,7277,NULL,NULL,NULL,'乐器','电子琴',10004),(10048,'电子琴商品49',NULL,NULL,NULL,NULL,5394,NULL,NULL,NULL,'乐器','电子琴',10010),(10049,'电子琴商品50',NULL,NULL,NULL,NULL,4508,NULL,NULL,NULL,'乐器','电子琴',10008),(10050,'电子琴商品51',NULL,NULL,NULL,NULL,6724,NULL,NULL,NULL,'乐器','电子琴',10005),(10051,'电子琴商品52',NULL,NULL,NULL,NULL,6394,NULL,NULL,NULL,'乐器','电子琴',10006),(10052,'电子琴商品53',NULL,NULL,NULL,NULL,7409,NULL,NULL,NULL,'乐器','电子琴',10005),(10053,'电子琴商品54',NULL,NULL,NULL,NULL,4945,NULL,NULL,NULL,'乐器','电子琴',10008),(10054,'电子琴商品55',NULL,NULL,NULL,NULL,2385,NULL,NULL,NULL,'乐器','电子琴',10007),(10055,'电子琴商品56',NULL,NULL,NULL,NULL,4473,NULL,NULL,NULL,'乐器','电子琴',10001),(10056,'电子琴商品57',NULL,NULL,NULL,NULL,8716,NULL,NULL,NULL,'乐器','电子琴',10010),(10057,'电子琴商品58',NULL,NULL,NULL,NULL,3119,NULL,NULL,NULL,'乐器','电子琴',10007),(10058,'电子琴商品59',NULL,NULL,NULL,NULL,4831,NULL,NULL,NULL,'乐器','电子琴',10002),(10059,'电子琴商品60',NULL,NULL,NULL,NULL,4713,NULL,NULL,NULL,'乐器','电子琴',10002),(10060,'电子琴商品61',NULL,NULL,NULL,NULL,9595,NULL,NULL,NULL,'乐器','电子琴',10010),(10061,'电子琴商品62',NULL,NULL,NULL,NULL,4254,NULL,NULL,NULL,'乐器','电子琴',10003),(10062,'电子琴商品63',NULL,NULL,NULL,NULL,5047,NULL,NULL,NULL,'乐器','电子琴',10003),(10063,'电子琴商品64',NULL,NULL,NULL,NULL,6385,NULL,NULL,NULL,'乐器','电子琴',10008),(10064,'电子琴商品65',NULL,NULL,NULL,NULL,749,NULL,NULL,NULL,'乐器','电子琴',10004),(10065,'电子琴商品66',NULL,NULL,NULL,NULL,2877,NULL,NULL,NULL,'乐器','电子琴',10010),(10066,'电子琴商品67',NULL,NULL,NULL,NULL,6982,NULL,NULL,NULL,'乐器','电子琴',10010),(10067,'电子琴商品68',NULL,NULL,NULL,NULL,4969,NULL,NULL,NULL,'乐器','电子琴',10001),(10068,'电子琴商品69',NULL,NULL,NULL,NULL,8594,NULL,NULL,NULL,'乐器','电子琴',10001),(10069,'电子琴商品70',NULL,NULL,NULL,NULL,9310,NULL,NULL,NULL,'乐器','电子琴',10007),(10070,'电子琴商品71',NULL,NULL,NULL,NULL,5902,NULL,NULL,NULL,'乐器','电子琴',10009),(10071,'电子琴商品72',NULL,NULL,NULL,NULL,4207,NULL,NULL,NULL,'乐器','电子琴',10007),(10072,'电子琴商品73',NULL,NULL,NULL,NULL,3376,NULL,NULL,NULL,'乐器','电子琴',10008),(10073,'电子琴商品74',NULL,NULL,NULL,NULL,6892,NULL,NULL,NULL,'乐器','电子琴',10003),(10074,'电子琴商品75',NULL,NULL,NULL,NULL,7603,NULL,NULL,NULL,'乐器','电子琴',10006),(10075,'电子琴商品76',NULL,NULL,NULL,NULL,8458,NULL,NULL,NULL,'乐器','电子琴',10002),(10076,'电子琴商品77',NULL,NULL,NULL,NULL,8798,NULL,NULL,NULL,'乐器','电子琴',10007),(10077,'电子琴商品78',NULL,NULL,NULL,NULL,6238,NULL,NULL,NULL,'乐器','电子琴',10006),(10078,'电子琴商品79',NULL,NULL,NULL,NULL,5375,NULL,NULL,NULL,'乐器','电子琴',10009),(10079,'电子琴商品80',NULL,NULL,NULL,NULL,7147,NULL,NULL,NULL,'乐器','电子琴',10001),(10080,'电子琴商品81',NULL,NULL,NULL,NULL,6985,NULL,NULL,NULL,'乐器','电子琴',10003),(10081,'电子琴商品82',NULL,NULL,NULL,NULL,8770,NULL,NULL,NULL,'乐器','电子琴',10009),(10082,'电子琴商品83',NULL,NULL,NULL,NULL,3312,NULL,NULL,NULL,'乐器','电子琴',10006),(10083,'电子琴商品84',NULL,NULL,NULL,NULL,5664,NULL,NULL,NULL,'乐器','电子琴',10005),(10084,'电子琴商品85',NULL,NULL,NULL,NULL,1160,NULL,NULL,NULL,'乐器','电子琴',10008),(10085,'电子琴商品86',NULL,NULL,NULL,NULL,4159,NULL,NULL,NULL,'乐器','电子琴',10008),(10086,'电子琴商品87',NULL,NULL,NULL,NULL,6534,NULL,NULL,NULL,'乐器','电子琴',10001),(10087,'电子琴商品88',NULL,NULL,NULL,NULL,1882,NULL,NULL,NULL,'乐器','电子琴',10007),(10088,'电子琴商品89',NULL,NULL,NULL,NULL,6810,NULL,NULL,NULL,'乐器','电子琴',10004),(10089,'电子琴商品90',NULL,NULL,NULL,NULL,8567,NULL,NULL,NULL,'乐器','电子琴',10006),(10090,'电子琴商品91',NULL,NULL,NULL,NULL,1301,NULL,NULL,NULL,'乐器','电子琴',10002),(10091,'电子琴商品92',NULL,NULL,NULL,NULL,4664,NULL,NULL,NULL,'乐器','电子琴',10008),(10092,'电子琴商品93',NULL,NULL,NULL,NULL,7646,NULL,NULL,NULL,'乐器','电子琴',10032),(10093,'电子琴商品94',NULL,NULL,NULL,NULL,7963,NULL,NULL,NULL,'乐器','电子琴',10006),(10094,'电子琴商品95',NULL,NULL,NULL,NULL,6902,NULL,NULL,NULL,'乐器','电子琴',10003),(10095,'电子琴商品96',NULL,NULL,NULL,NULL,9251,NULL,NULL,NULL,'乐器','电子琴',10001),(10096,'电子琴商品97',NULL,NULL,NULL,NULL,5774,NULL,NULL,NULL,'乐器','电子琴',10006),(10097,'电子琴商品98',NULL,NULL,NULL,NULL,7346,NULL,NULL,NULL,'乐器','电子琴',10001),(10098,'电子琴商品99',NULL,NULL,NULL,NULL,9758,NULL,NULL,NULL,'乐器','电子琴',10011),(10099,'电子琴商品100',NULL,NULL,NULL,NULL,3335,NULL,NULL,NULL,'乐器','电子琴',10007),(10100,'钢琴商品1',NULL,NULL,NULL,NULL,10892,NULL,NULL,NULL,'乐器','钢琴',10001),(10101,'钢琴商品2',NULL,NULL,NULL,NULL,9045,NULL,NULL,NULL,'乐器','钢琴',10011),(10102,'钢琴商品3',NULL,NULL,NULL,NULL,17134,NULL,NULL,NULL,'乐器','钢琴',10015),(10103,'钢琴商品4',NULL,NULL,NULL,NULL,16559,NULL,NULL,NULL,'乐器','钢琴',10014),(10104,'钢琴商品5',NULL,NULL,NULL,NULL,14263,NULL,NULL,NULL,'乐器','钢琴',10016),(10105,'钢琴商品6',NULL,NULL,NULL,NULL,18369,NULL,NULL,NULL,'乐器','钢琴',10018),(10106,'钢琴商品7',NULL,NULL,NULL,NULL,18307,NULL,NULL,NULL,'乐器','钢琴',10019),(10107,'钢琴商品8',NULL,NULL,NULL,NULL,16846,NULL,NULL,NULL,'乐器','钢琴',10018),(10108,'钢琴商品9',NULL,NULL,NULL,NULL,16685,NULL,NULL,NULL,'乐器','钢琴',10019),(10109,'钢琴商品10',NULL,NULL,NULL,NULL,8745,NULL,NULL,NULL,'乐器','钢琴',10001),(10110,'钢琴商品11',NULL,NULL,NULL,NULL,16807,NULL,NULL,NULL,'乐器','钢琴',10019),(10111,'钢琴商品12',NULL,NULL,NULL,NULL,16899,NULL,NULL,NULL,'乐器','钢琴',10019),(10112,'钢琴商品13',NULL,NULL,NULL,NULL,7970,NULL,NULL,NULL,'乐器','钢琴',10006),(10113,'钢琴商品14',NULL,NULL,NULL,NULL,9591,NULL,NULL,NULL,'乐器','钢琴',10018),(10114,'钢琴商品15',NULL,NULL,NULL,NULL,16183,NULL,NULL,NULL,'乐器','钢琴',10011),(10115,'钢琴商品16',NULL,NULL,NULL,NULL,8263,NULL,NULL,NULL,'乐器','钢琴',10002),(10116,'钢琴商品17',NULL,NULL,NULL,NULL,6987,NULL,NULL,NULL,'乐器','钢琴',10020),(10117,'钢琴商品18',NULL,NULL,NULL,NULL,16064,NULL,NULL,NULL,'乐器','钢琴',10003),(10118,'钢琴商品19',NULL,NULL,NULL,NULL,5495,NULL,NULL,NULL,'乐器','钢琴',10017),(10119,'钢琴商品20',NULL,NULL,NULL,NULL,11265,NULL,NULL,NULL,'乐器','钢琴',10011),(10120,'钢琴商品21',NULL,NULL,NULL,NULL,16868,NULL,NULL,NULL,'乐器','钢琴',10004),(10121,'钢琴商品22',NULL,NULL,NULL,NULL,9610,NULL,NULL,NULL,'乐器','钢琴',10017),(10122,'钢琴商品23',NULL,NULL,NULL,NULL,5351,NULL,NULL,NULL,'乐器','钢琴',10017),(10123,'钢琴商品24',NULL,NULL,NULL,NULL,17765,NULL,NULL,NULL,'乐器','钢琴',10018),(10124,'钢琴商品25',NULL,NULL,NULL,NULL,19371,NULL,NULL,NULL,'乐器','钢琴',10015),(10125,'钢琴商品26',NULL,NULL,NULL,NULL,16409,NULL,NULL,NULL,'乐器','钢琴',10016),(10126,'钢琴商品27',NULL,NULL,NULL,NULL,13959,NULL,NULL,NULL,'乐器','钢琴',10019),(10127,'钢琴商品28',NULL,NULL,NULL,NULL,11724,NULL,NULL,NULL,'乐器','钢琴',10015),(10128,'钢琴商品29',NULL,NULL,NULL,NULL,7915,NULL,NULL,NULL,'乐器','钢琴',10019),(10129,'钢琴商品30',NULL,NULL,NULL,NULL,14957,NULL,NULL,NULL,'乐器','钢琴',10019),(10130,'钢琴商品31',NULL,NULL,NULL,NULL,15391,NULL,NULL,NULL,'乐器','钢琴',10017),(10131,'钢琴商品32',NULL,NULL,NULL,NULL,16807,NULL,NULL,NULL,'乐器','钢琴',10013),(10132,'钢琴商品33',NULL,NULL,NULL,NULL,11700,NULL,NULL,NULL,'乐器','钢琴',10018),(10133,'钢琴商品34',NULL,NULL,NULL,NULL,12109,NULL,NULL,NULL,'乐器','钢琴',10017),(10134,'钢琴商品35',NULL,NULL,NULL,NULL,4725,NULL,NULL,NULL,'乐器','钢琴',10011),(10135,'钢琴商品36',NULL,NULL,NULL,NULL,15651,NULL,NULL,NULL,'乐器','钢琴',10017),(10136,'钢琴商品37',NULL,NULL,NULL,NULL,14337,NULL,NULL,NULL,'乐器','钢琴',10018),(10137,'钢琴商品38',NULL,NULL,NULL,NULL,6168,NULL,NULL,NULL,'乐器','钢琴',10016),(10138,'钢琴商品39',NULL,NULL,NULL,NULL,7979,NULL,NULL,NULL,'乐器','钢琴',10020),(10139,'钢琴商品40',NULL,NULL,NULL,NULL,6954,NULL,NULL,NULL,'乐器','钢琴',10015),(10140,'钢琴商品41',NULL,NULL,NULL,NULL,7789,NULL,NULL,NULL,'乐器','钢琴',10016),(10141,'钢琴商品42',NULL,NULL,NULL,NULL,5382,NULL,NULL,NULL,'乐器','钢琴',10017),(10142,'钢琴商品43',NULL,NULL,NULL,NULL,18028,NULL,NULL,NULL,'乐器','钢琴',10011),(10143,'钢琴商品44',NULL,NULL,NULL,NULL,13006,NULL,NULL,NULL,'乐器','钢琴',10017),(10144,'钢琴商品45',NULL,NULL,NULL,NULL,11284,NULL,NULL,NULL,'乐器','钢琴',10013),(10145,'钢琴商品46',NULL,NULL,NULL,NULL,13623,NULL,NULL,NULL,'乐器','钢琴',10014),(10146,'钢琴商品47',NULL,NULL,NULL,NULL,18771,NULL,NULL,NULL,'乐器','钢琴',10012),(10147,'钢琴商品48',NULL,NULL,NULL,NULL,8596,NULL,NULL,NULL,'乐器','钢琴',10014),(10148,'钢琴商品49',NULL,NULL,NULL,NULL,13724,NULL,NULL,NULL,'乐器','钢琴',10017),(10149,'钢琴商品50',NULL,NULL,NULL,NULL,19485,NULL,NULL,NULL,'乐器','钢琴',10011),(10150,'小提琴商品1',NULL,NULL,NULL,NULL,15659,NULL,NULL,NULL,'乐器','小提琴',10022),(10151,'小提琴商品2',NULL,NULL,NULL,NULL,14443,NULL,NULL,NULL,'乐器','小提琴',10021),(10152,'小提琴商品3',NULL,NULL,NULL,NULL,13038,NULL,NULL,NULL,'乐器','小提琴',10001),(10153,'小提琴商品4',NULL,NULL,NULL,NULL,14587,NULL,NULL,NULL,'乐器','小提琴',10029),(10154,'小提琴商品5',NULL,NULL,NULL,NULL,11941,NULL,NULL,NULL,'乐器','小提琴',10030),(10155,'小提琴商品6',NULL,NULL,NULL,NULL,10748,NULL,NULL,NULL,'乐器','小提琴',10024),(10156,'小提琴商品7',NULL,NULL,NULL,NULL,14514,NULL,NULL,NULL,'乐器','小提琴',10030),(10157,'小提琴商品8',NULL,NULL,NULL,NULL,4066,NULL,NULL,NULL,'乐器','小提琴',10028),(10158,'小提琴商品9',NULL,NULL,NULL,NULL,7535,NULL,NULL,NULL,'乐器','小提琴',10029),(10159,'小提琴商品10',NULL,NULL,NULL,NULL,14220,NULL,NULL,NULL,'乐器','小提琴',10001),(10160,'小提琴商品11',NULL,NULL,NULL,NULL,17878,NULL,NULL,NULL,'乐器','小提琴',10028),(10161,'小提琴商品12',NULL,NULL,NULL,NULL,13858,NULL,NULL,NULL,'乐器','小提琴',10024),(10162,'小提琴商品13',NULL,NULL,NULL,NULL,16561,NULL,NULL,NULL,'乐器','小提琴',10022),(10163,'小提琴商品14',NULL,NULL,NULL,NULL,10989,NULL,NULL,NULL,'乐器','小提琴',10028),(10164,'小提琴商品15',NULL,NULL,NULL,NULL,14937,NULL,NULL,NULL,'乐器','小提琴',10021),(10165,'小提琴商品16',NULL,NULL,NULL,NULL,18024,NULL,NULL,NULL,'乐器','小提琴',10028),(10166,'小提琴商品17',NULL,NULL,NULL,NULL,5337,NULL,NULL,NULL,'乐器','小提琴',10024),(10167,'小提琴商品18',NULL,NULL,NULL,NULL,18636,NULL,NULL,NULL,'乐器','小提琴',10025),(10168,'小提琴商品19',NULL,NULL,NULL,NULL,16844,NULL,NULL,NULL,'乐器','小提琴',10024),(10169,'小提琴商品20',NULL,NULL,NULL,NULL,13107,NULL,NULL,NULL,'乐器','小提琴',10026),(10170,'小提琴商品21',NULL,NULL,NULL,NULL,18931,NULL,NULL,NULL,'乐器','小提琴',10022),(10171,'小提琴商品22',NULL,NULL,NULL,NULL,3401,NULL,NULL,NULL,'乐器','小提琴',10025),(10172,'小提琴商品23',NULL,NULL,NULL,NULL,19210,NULL,NULL,NULL,'乐器','小提琴',10022),(10173,'小提琴商品24',NULL,NULL,NULL,NULL,13335,NULL,NULL,NULL,'乐器','小提琴',10030),(10174,'小提琴商品25',NULL,NULL,NULL,NULL,7325,NULL,NULL,NULL,'乐器','小提琴',10026),(10175,'小提琴商品26',NULL,NULL,NULL,NULL,15164,NULL,NULL,NULL,'乐器','小提琴',10002),(10176,'小提琴商品27',NULL,NULL,NULL,NULL,3330,NULL,NULL,NULL,'乐器','小提琴',10022),(10177,'小提琴商品28',NULL,NULL,NULL,NULL,10912,NULL,NULL,NULL,'乐器','小提琴',10021),(10178,'小提琴商品29',NULL,NULL,NULL,NULL,19053,NULL,NULL,NULL,'乐器','小提琴',10029),(10179,'小提琴商品30',NULL,NULL,NULL,NULL,17807,NULL,NULL,NULL,'乐器','小提琴',10022),(10180,'小提琴商品31',NULL,NULL,NULL,NULL,6483,NULL,NULL,NULL,'乐器','小提琴',10021),(10181,'小提琴商品32',NULL,NULL,NULL,NULL,7376,NULL,NULL,NULL,'乐器','小提琴',10030),(10182,'小提琴商品33',NULL,NULL,NULL,NULL,7658,NULL,NULL,NULL,'乐器','小提琴',10030),(10183,'小提琴商品34',NULL,NULL,NULL,NULL,17801,NULL,NULL,NULL,'乐器','小提琴',10021),(10184,'小提琴商品35',NULL,NULL,NULL,NULL,6281,NULL,NULL,NULL,'乐器','小提琴',10026),(10185,'小提琴商品36',NULL,NULL,NULL,NULL,6579,NULL,NULL,NULL,'乐器','小提琴',10027),(10186,'小提琴商品37',NULL,NULL,NULL,NULL,12412,NULL,NULL,NULL,'乐器','小提琴',10022),(10187,'小提琴商品38',NULL,NULL,NULL,NULL,9798,NULL,NULL,NULL,'乐器','小提琴',10029),(10188,'小提琴商品39',NULL,NULL,NULL,NULL,16629,NULL,NULL,NULL,'乐器','小提琴',10001),(10189,'小提琴商品40',NULL,NULL,NULL,NULL,16500,NULL,NULL,NULL,'乐器','小提琴',10026),(10190,'小提琴商品41',NULL,NULL,NULL,NULL,11657,NULL,NULL,NULL,'乐器','小提琴',10027),(10191,'小提琴商品42',NULL,NULL,NULL,NULL,6184,NULL,NULL,NULL,'乐器','小提琴',10021),(10192,'小提琴商品43',NULL,NULL,NULL,NULL,16180,NULL,NULL,NULL,'乐器','小提琴',10022),(10193,'小提琴商品44',NULL,NULL,NULL,NULL,9531,NULL,NULL,NULL,'乐器','小提琴',10029),(10194,'小提琴商品45',NULL,NULL,NULL,NULL,7731,NULL,NULL,NULL,'乐器','小提琴',10022),(10195,'小提琴商品46',NULL,NULL,NULL,NULL,6190,NULL,NULL,NULL,'乐器','小提琴',10023),(10196,'小提琴商品47',NULL,NULL,NULL,NULL,9601,NULL,NULL,NULL,'乐器','小提琴',10026),(10197,'小提琴商品48',NULL,NULL,NULL,NULL,14868,NULL,NULL,NULL,'乐器','小提琴',10027),(10198,'小提琴商品49',NULL,NULL,NULL,NULL,5625,NULL,NULL,NULL,'乐器','小提琴',10030),(10199,'小提琴商品50',NULL,NULL,NULL,NULL,8089,NULL,NULL,NULL,'乐器','小提琴',10021),(10200,'手风琴商品1',NULL,NULL,NULL,NULL,4157,NULL,NULL,NULL,'乐器','手风琴',10033),(10201,'手风琴商品2',NULL,NULL,NULL,NULL,1777,NULL,NULL,NULL,'乐器','手风琴',10005),(10202,'手风琴商品3',NULL,NULL,NULL,NULL,1574,NULL,NULL,NULL,'乐器','手风琴',10032),(10203,'手风琴商品4',NULL,NULL,NULL,NULL,2910,NULL,NULL,NULL,'乐器','手风琴',10033),(10204,'手风琴商品5',NULL,NULL,NULL,NULL,4846,NULL,NULL,NULL,'乐器','手风琴',10035),(10205,'手风琴商品6',NULL,NULL,NULL,NULL,4943,NULL,NULL,NULL,'乐器','手风琴',10036),(10206,'手风琴商品7',NULL,NULL,NULL,NULL,1306,NULL,NULL,NULL,'乐器','手风琴',10039),(10207,'手风琴商品8',NULL,NULL,NULL,NULL,2404,NULL,NULL,NULL,'乐器','手风琴',10036),(10208,'手风琴商品9',NULL,NULL,NULL,NULL,1648,NULL,NULL,NULL,'乐器','手风琴',10032),(10209,'手风琴商品10',NULL,NULL,NULL,NULL,3110,NULL,NULL,NULL,'乐器','手风琴',10001),(10210,'手风琴商品11',NULL,NULL,NULL,NULL,4858,NULL,NULL,NULL,'乐器','手风琴',10035),(10211,'手风琴商品12',NULL,NULL,NULL,NULL,890,NULL,NULL,NULL,'乐器','手风琴',10036),(10212,'手风琴商品13',NULL,NULL,NULL,NULL,1507,NULL,NULL,NULL,'乐器','手风琴',10033),(10213,'手风琴商品14',NULL,NULL,NULL,NULL,4963,NULL,NULL,NULL,'乐器','手风琴',10040),(10214,'手风琴商品15',NULL,NULL,NULL,NULL,4592,NULL,NULL,NULL,'乐器','手风琴',10034),(10215,'手风琴商品16',NULL,NULL,NULL,NULL,925,NULL,NULL,NULL,'乐器','手风琴',10038),(10216,'手风琴商品17',NULL,NULL,NULL,NULL,1337,NULL,NULL,NULL,'乐器','手风琴',10033),(10217,'手风琴商品18',NULL,NULL,NULL,NULL,3812,NULL,NULL,NULL,'乐器','手风琴',10035),(10218,'手风琴商品19',NULL,NULL,NULL,NULL,4013,NULL,NULL,NULL,'乐器','手风琴',10037),(10219,'手风琴商品20',NULL,NULL,NULL,NULL,2048,NULL,NULL,NULL,'乐器','手风琴',10038),(10220,'手风琴商品21',NULL,NULL,NULL,NULL,4149,NULL,NULL,NULL,'乐器','手风琴',10035),(10221,'手风琴商品22',NULL,NULL,NULL,NULL,1844,NULL,NULL,NULL,'乐器','手风琴',10040),(10222,'手风琴商品23',NULL,NULL,NULL,NULL,3592,NULL,NULL,NULL,'乐器','手风琴',10034),(10223,'手风琴商品24',NULL,NULL,NULL,NULL,3272,NULL,NULL,NULL,'乐器','手风琴',10032),(10224,'手风琴商品25',NULL,NULL,NULL,NULL,3668,NULL,NULL,NULL,'乐器','手风琴',10038),(10225,'手风琴商品26',NULL,NULL,NULL,NULL,1697,NULL,NULL,NULL,'乐器','手风琴',10034),(10226,'手风琴商品27',NULL,NULL,NULL,NULL,2614,NULL,NULL,NULL,'乐器','手风琴',10005),(10227,'手风琴商品28',NULL,NULL,NULL,NULL,3436,NULL,NULL,NULL,'乐器','手风琴',10033),(10228,'手风琴商品29',NULL,NULL,NULL,NULL,4372,NULL,NULL,NULL,'乐器','手风琴',10039),(10229,'手风琴商品30',NULL,NULL,NULL,NULL,3277,NULL,NULL,NULL,'乐器','手风琴',10032),(10230,'手风琴商品31',NULL,NULL,NULL,NULL,4513,NULL,NULL,NULL,'乐器','手风琴',10035),(10231,'手风琴商品32',NULL,NULL,NULL,NULL,4098,NULL,NULL,NULL,'乐器','手风琴',10039),(10232,'手风琴商品33',NULL,NULL,NULL,NULL,1340,NULL,NULL,NULL,'乐器','手风琴',10032),(10233,'手风琴商品34',NULL,NULL,NULL,NULL,2938,NULL,NULL,NULL,'乐器','手风琴',10038),(10234,'手风琴商品35',NULL,NULL,NULL,NULL,2028,NULL,NULL,NULL,'乐器','手风琴',10037),(10235,'手风琴商品36',NULL,NULL,NULL,NULL,896,NULL,NULL,NULL,'乐器','手风琴',10036),(10236,'手风琴商品37',NULL,NULL,NULL,NULL,3241,NULL,NULL,NULL,'乐器','手风琴',10036),(10237,'手风琴商品38',NULL,NULL,NULL,NULL,1594,NULL,NULL,NULL,'乐器','手风琴',10038),(10238,'手风琴商品39',NULL,NULL,NULL,NULL,3269,NULL,NULL,NULL,'乐器','手风琴',10035),(10239,'手风琴商品40',NULL,NULL,NULL,NULL,2736,NULL,NULL,NULL,'乐器','手风琴',10033),(10240,'手风琴商品41',NULL,NULL,NULL,NULL,4621,NULL,NULL,NULL,'乐器','手风琴',10031),(10241,'手风琴商品42',NULL,NULL,NULL,NULL,3312,NULL,NULL,NULL,'乐器','手风琴',10038),(10242,'手风琴商品43',NULL,NULL,NULL,NULL,3980,NULL,NULL,NULL,'乐器','手风琴',10032),(10243,'手风琴商品44',NULL,NULL,NULL,NULL,3271,NULL,NULL,NULL,'乐器','手风琴',10036),(10244,'手风琴商品45',NULL,NULL,NULL,NULL,2828,NULL,NULL,NULL,'乐器','手风琴',10004),(10245,'手风琴商品46',NULL,NULL,NULL,NULL,3194,NULL,NULL,NULL,'乐器','手风琴',10033),(10246,'手风琴商品47',NULL,NULL,NULL,NULL,3909,NULL,NULL,NULL,'乐器','手风琴',10039),(10247,'手风琴商品48',NULL,NULL,NULL,NULL,3379,NULL,NULL,NULL,'乐器','手风琴',10039),(10248,'手风琴商品49',NULL,NULL,NULL,NULL,2949,NULL,NULL,NULL,'乐器','手风琴',10036),(10249,'手风琴商品50',NULL,NULL,NULL,NULL,2164,NULL,NULL,NULL,'乐器','手风琴',10033),(10250,'大提琴1',NULL,NULL,NULL,NULL,5019,NULL,NULL,NULL,'乐器','大提琴',10045),(10251,'大提琴2',NULL,NULL,NULL,NULL,8089,NULL,NULL,NULL,'乐器','大提琴',10049),(10252,'大提琴3',NULL,NULL,NULL,NULL,8083,NULL,NULL,NULL,'乐器','大提琴',10047),(10253,'大提琴4',NULL,NULL,NULL,NULL,8334,NULL,NULL,NULL,'乐器','大提琴',10042),(10254,'大提琴5',NULL,NULL,NULL,NULL,7492,NULL,NULL,NULL,'乐器','大提琴',10049),(10255,'大提琴6',NULL,NULL,NULL,NULL,7486,NULL,NULL,NULL,'乐器','大提琴',10045),(10256,'大提琴7',NULL,NULL,NULL,NULL,6314,NULL,NULL,NULL,'乐器','大提琴',10041),(10257,'大提琴8',NULL,NULL,NULL,NULL,6773,NULL,NULL,NULL,'乐器','大提琴',10043),(10258,'大提琴9',NULL,NULL,NULL,NULL,4079,NULL,NULL,NULL,'乐器','大提琴',10043),(10259,'大提琴10',NULL,NULL,NULL,NULL,8682,NULL,NULL,NULL,'乐器','大提琴',10004),(10260,'大提琴11',NULL,NULL,NULL,NULL,4203,NULL,NULL,NULL,'乐器','大提琴',10045),(10261,'大提琴12',NULL,NULL,NULL,NULL,7718,NULL,NULL,NULL,'乐器','大提琴',10043),(10262,'大提琴13',NULL,NULL,NULL,NULL,8640,NULL,NULL,NULL,'乐器','大提琴',10046),(10263,'大提琴14',NULL,NULL,NULL,NULL,4343,NULL,NULL,NULL,'乐器','大提琴',10042),(10264,'大提琴15',NULL,NULL,NULL,NULL,7454,NULL,NULL,NULL,'乐器','大提琴',10045),(10265,'大提琴16',NULL,NULL,NULL,NULL,7233,NULL,NULL,NULL,'乐器','大提琴',10042),(10266,'大提琴17',NULL,NULL,NULL,NULL,6406,NULL,NULL,NULL,'乐器','大提琴',10044),(10267,'大提琴18',NULL,NULL,NULL,NULL,8811,NULL,NULL,NULL,'乐器','大提琴',10046),(10268,'大提琴19',NULL,NULL,NULL,NULL,4075,NULL,NULL,NULL,'乐器','大提琴',10044),(10269,'大提琴20',NULL,NULL,NULL,NULL,5291,NULL,NULL,NULL,'乐器','大提琴',10046),(10270,'大提琴21',NULL,NULL,NULL,NULL,6021,NULL,NULL,NULL,'乐器','大提琴',10048),(10271,'大提琴22',NULL,NULL,NULL,NULL,4147,NULL,NULL,NULL,'乐器','大提琴',10045),(10272,'大提琴23',NULL,NULL,NULL,NULL,6362,NULL,NULL,NULL,'乐器','大提琴',10050),(10273,'大提琴24',NULL,NULL,NULL,NULL,4004,NULL,NULL,NULL,'乐器','大提琴',10001),(10274,'大提琴25',NULL,NULL,NULL,NULL,7432,NULL,NULL,NULL,'乐器','大提琴',10043),(10275,'大提琴26',NULL,NULL,NULL,NULL,6873,NULL,NULL,NULL,'乐器','大提琴',10043),(10276,'大提琴27',NULL,NULL,NULL,NULL,6707,NULL,NULL,NULL,'乐器','大提琴',10045),(10277,'大提琴28',NULL,NULL,NULL,NULL,5573,NULL,NULL,NULL,'乐器','大提琴',10041),(10278,'大提琴29',NULL,NULL,NULL,NULL,5526,NULL,NULL,NULL,'乐器','大提琴',10044),(10279,'大提琴30',NULL,NULL,NULL,NULL,8945,NULL,NULL,NULL,'乐器','大提琴',10047),(10280,'大提琴31',NULL,NULL,NULL,NULL,6994,NULL,NULL,NULL,'乐器','大提琴',10049),(10281,'大提琴32',NULL,NULL,NULL,NULL,8611,NULL,NULL,NULL,'乐器','大提琴',10041),(10282,'大提琴33',NULL,NULL,NULL,NULL,7935,NULL,NULL,NULL,'乐器','大提琴',10050),(10283,'大提琴34',NULL,NULL,NULL,NULL,5484,NULL,NULL,NULL,'乐器','大提琴',10045),(10284,'大提琴35',NULL,NULL,NULL,NULL,4280,NULL,NULL,NULL,'乐器','大提琴',10046),(10285,'大提琴36',NULL,NULL,NULL,NULL,6746,NULL,NULL,NULL,'乐器','大提琴',10047),(10286,'大提琴37',NULL,NULL,NULL,NULL,8025,NULL,NULL,NULL,'乐器','大提琴',10043),(10287,'大提琴38',NULL,NULL,NULL,NULL,7193,NULL,NULL,NULL,'乐器','大提琴',10001),(10288,'大提琴39',NULL,NULL,NULL,NULL,7006,NULL,NULL,NULL,'乐器','大提琴',10049),(10289,'大提琴40',NULL,NULL,NULL,NULL,8776,NULL,NULL,NULL,'乐器','大提琴',10042),(10290,'大提琴41',NULL,NULL,NULL,NULL,7920,NULL,NULL,NULL,'乐器','大提琴',10043),(10291,'大提琴42',NULL,NULL,NULL,NULL,6889,NULL,NULL,NULL,'乐器','大提琴',10048),(10292,'大提琴43',NULL,NULL,NULL,NULL,7078,NULL,NULL,NULL,'乐器','大提琴',10042),(10293,'大提琴44',NULL,NULL,NULL,NULL,5198,NULL,NULL,NULL,'乐器','大提琴',10041),(10294,'大提琴45',NULL,NULL,NULL,NULL,5525,NULL,NULL,NULL,'乐器','大提琴',10043),(10295,'大提琴46',NULL,NULL,NULL,NULL,8863,NULL,NULL,NULL,'乐器','大提琴',10048),(10296,'大提琴47',NULL,NULL,NULL,NULL,6255,NULL,NULL,NULL,'乐器','大提琴',10042),(10297,'大提琴48',NULL,NULL,NULL,NULL,5033,NULL,NULL,NULL,'乐器','大提琴',10043),(10298,'大提琴49',NULL,NULL,NULL,NULL,4675,NULL,NULL,NULL,'乐器','大提琴',10045),(10299,'大提琴50',NULL,NULL,NULL,NULL,7298,NULL,NULL,NULL,'乐器','大提琴',10050),(10300,'手机1',NULL,NULL,NULL,NULL,4698,NULL,NULL,NULL,'电子产品','手机',10052),(10301,'手机2',NULL,NULL,NULL,NULL,1208,NULL,NULL,NULL,'电子产品','手机',10056),(10302,'手机3',NULL,NULL,NULL,NULL,7122,NULL,NULL,NULL,'电子产品','手机',10057),(10303,'手机4',NULL,NULL,NULL,NULL,8507,NULL,NULL,NULL,'电子产品','手机',10059),(10304,'手机5',NULL,NULL,NULL,NULL,9523,NULL,NULL,NULL,'电子产品','手机',10057),(10305,'手机6',NULL,NULL,NULL,NULL,4591,NULL,NULL,NULL,'电子产品','手机',10055),(10306,'手机7',NULL,NULL,NULL,NULL,7243,NULL,NULL,NULL,'电子产品','手机',10056),(10307,'手机8',NULL,NULL,NULL,NULL,6442,NULL,NULL,NULL,'电子产品','手机',10055),(10308,'手机9',NULL,NULL,NULL,NULL,1833,NULL,NULL,NULL,'电子产品','手机',10060),(10309,'手机10',NULL,NULL,NULL,NULL,4616,NULL,NULL,NULL,'电子产品','手机',10052),(10310,'手机11',NULL,NULL,NULL,NULL,2774,NULL,NULL,NULL,'电子产品','手机',10052),(10311,'手机12',NULL,NULL,NULL,NULL,5161,NULL,NULL,NULL,'电子产品','手机',10060),(10312,'手机13',NULL,NULL,NULL,NULL,3144,NULL,NULL,NULL,'电子产品','手机',10059),(10313,'手机14',NULL,NULL,NULL,NULL,5426,NULL,NULL,NULL,'电子产品','手机',10056),(10314,'手机15',NULL,NULL,NULL,NULL,1253,NULL,NULL,NULL,'电子产品','手机',10055),(10315,'手机16',NULL,NULL,NULL,NULL,5465,NULL,NULL,NULL,'电子产品','手机',10055),(10316,'手机17',NULL,NULL,NULL,NULL,8925,NULL,NULL,NULL,'电子产品','手机',10054),(10317,'手机18',NULL,NULL,NULL,NULL,2290,NULL,NULL,NULL,'电子产品','手机',10054),(10318,'手机19',NULL,NULL,NULL,NULL,4849,NULL,NULL,NULL,'电子产品','手机',10051),(10319,'手机20',NULL,NULL,NULL,NULL,6475,NULL,NULL,NULL,'电子产品','手机',10060),(10320,'手机21',NULL,NULL,NULL,NULL,6006,NULL,NULL,NULL,'电子产品','手机',10060),(10321,'手机22',NULL,NULL,NULL,NULL,4587,NULL,NULL,NULL,'电子产品','手机',10054),(10322,'手机23',NULL,NULL,NULL,NULL,6427,NULL,NULL,NULL,'电子产品','手机',10054),(10323,'手机24',NULL,NULL,NULL,NULL,9379,NULL,NULL,NULL,'电子产品','手机',10055),(10324,'手机25',NULL,NULL,NULL,NULL,9656,NULL,NULL,NULL,'电子产品','手机',10051),(10325,'手机26',NULL,NULL,NULL,NULL,5150,NULL,NULL,NULL,'电子产品','手机',10054),(10326,'手机27',NULL,NULL,NULL,NULL,5684,NULL,NULL,NULL,'电子产品','手机',10060),(10327,'手机28',NULL,NULL,NULL,NULL,2372,NULL,NULL,NULL,'电子产品','手机',10052),(10328,'手机29',NULL,NULL,NULL,NULL,8631,NULL,NULL,NULL,'电子产品','手机',10057),(10329,'手机30',NULL,NULL,NULL,NULL,4618,NULL,NULL,NULL,'电子产品','手机',10058),(10330,'手机31',NULL,NULL,NULL,NULL,6212,NULL,NULL,NULL,'电子产品','手机',10057),(10331,'手机32',NULL,NULL,NULL,NULL,3150,NULL,NULL,NULL,'电子产品','手机',10057),(10332,'手机33',NULL,NULL,NULL,NULL,1444,NULL,NULL,NULL,'电子产品','手机',10052),(10333,'手机34',NULL,NULL,NULL,NULL,9738,NULL,NULL,NULL,'电子产品','手机',10055),(10334,'手机35',NULL,NULL,NULL,NULL,3983,NULL,NULL,NULL,'电子产品','手机',10053),(10335,'手机36',NULL,NULL,NULL,NULL,1074,NULL,NULL,NULL,'电子产品','手机',10051),(10336,'手机37',NULL,NULL,NULL,NULL,1955,NULL,NULL,NULL,'电子产品','手机',10052),(10337,'手机38',NULL,NULL,NULL,NULL,9693,NULL,NULL,NULL,'电子产品','手机',10052),(10338,'手机39',NULL,NULL,NULL,NULL,5748,NULL,NULL,NULL,'电子产品','手机',10053),(10339,'手机40',NULL,NULL,NULL,NULL,3953,NULL,NULL,NULL,'电子产品','手机',10053),(10340,'手机41',NULL,NULL,NULL,NULL,8976,NULL,NULL,NULL,'电子产品','手机',10055),(10341,'手机42',NULL,NULL,NULL,NULL,1182,NULL,NULL,NULL,'电子产品','手机',10052),(10342,'手机43',NULL,NULL,NULL,NULL,6657,NULL,NULL,NULL,'电子产品','手机',10054),(10343,'手机44',NULL,NULL,NULL,NULL,5824,NULL,NULL,NULL,'电子产品','手机',10059),(10344,'手机45',NULL,NULL,NULL,NULL,1606,NULL,NULL,NULL,'电子产品','手机',10060),(10345,'手机46',NULL,NULL,NULL,NULL,9388,NULL,NULL,NULL,'电子产品','手机',10056),(10346,'手机47',NULL,NULL,NULL,NULL,9950,NULL,NULL,NULL,'电子产品','手机',10058),(10347,'手机48',NULL,NULL,NULL,NULL,1137,NULL,NULL,NULL,'电子产品','手机',10059),(10348,'手机49',NULL,NULL,NULL,NULL,9509,NULL,NULL,NULL,'电子产品','手机',10058),(10349,'手机50',NULL,NULL,NULL,NULL,4931,NULL,NULL,NULL,'电子产品','手机',10056),(10350,'电脑1',NULL,NULL,NULL,NULL,10583,NULL,NULL,NULL,'电子产品','电脑',10067),(10351,'电脑2',NULL,NULL,NULL,NULL,14055,NULL,NULL,NULL,'电子产品','电脑',10063),(10352,'电脑3',NULL,NULL,NULL,NULL,14827,NULL,NULL,NULL,'电子产品','电脑',10067),(10353,'电脑4',NULL,NULL,NULL,NULL,14508,NULL,NULL,NULL,'电子产品','电脑',10068),(10354,'电脑5',NULL,NULL,NULL,NULL,4330,NULL,NULL,NULL,'电子产品','电脑',10063),(10355,'电脑6',NULL,NULL,NULL,NULL,14799,NULL,NULL,NULL,'电子产品','电脑',10065),(10356,'电脑7',NULL,NULL,NULL,NULL,1305,NULL,NULL,NULL,'电子产品','电脑',10061),(10357,'电脑8',NULL,NULL,NULL,NULL,7305,NULL,NULL,NULL,'电子产品','电脑',10064),(10358,'电脑9',NULL,NULL,NULL,NULL,6972,NULL,NULL,NULL,'电子产品','电脑',10052),(10359,'电脑10',NULL,NULL,NULL,NULL,11277,NULL,NULL,NULL,'电子产品','电脑',10066),(10360,'电脑11',NULL,NULL,NULL,NULL,1260,NULL,NULL,NULL,'电子产品','电脑',10067),(10361,'电脑12',NULL,NULL,NULL,NULL,4028,NULL,NULL,NULL,'电子产品','电脑',10061),(10362,'电脑13',NULL,NULL,NULL,NULL,14258,NULL,NULL,NULL,'电子产品','电脑',10053),(10363,'电脑14',NULL,NULL,NULL,NULL,13453,NULL,NULL,NULL,'电子产品','电脑',10062),(10364,'电脑15',NULL,NULL,NULL,NULL,11231,NULL,NULL,NULL,'电子产品','电脑',10065),(10365,'电脑16',NULL,NULL,NULL,NULL,5547,NULL,NULL,NULL,'电子产品','电脑',10066),(10366,'电脑17',NULL,NULL,NULL,NULL,14270,NULL,NULL,NULL,'电子产品','电脑',10061),(10367,'电脑18',NULL,NULL,NULL,NULL,5781,NULL,NULL,NULL,'电子产品','电脑',10061),(10368,'电脑19',NULL,NULL,NULL,NULL,7486,NULL,NULL,NULL,'电子产品','电脑',10065),(10369,'电脑20',NULL,NULL,NULL,NULL,5286,NULL,NULL,NULL,'电子产品','电脑',10063),(10370,'电脑21',NULL,NULL,NULL,NULL,8941,NULL,NULL,NULL,'电子产品','电脑',10067),(10371,'电脑22',NULL,NULL,NULL,NULL,3369,NULL,NULL,NULL,'电子产品','电脑',10067),(10372,'电脑23',NULL,NULL,NULL,NULL,12665,NULL,NULL,NULL,'电子产品','电脑',10066),(10373,'电脑24',NULL,NULL,NULL,NULL,18868,NULL,NULL,NULL,'电子产品','电脑',10051),(10374,'电脑25',NULL,NULL,NULL,NULL,14633,NULL,NULL,NULL,'电子产品','电脑',10066),(10375,'电脑26',NULL,NULL,NULL,NULL,11648,NULL,NULL,NULL,'电子产品','电脑',10063),(10376,'电脑27',NULL,NULL,NULL,NULL,14341,NULL,NULL,NULL,'电子产品','电脑',10063),(10377,'电脑28',NULL,NULL,NULL,NULL,14542,NULL,NULL,NULL,'电子产品','电脑',10069),(10378,'电脑29',NULL,NULL,NULL,NULL,13385,NULL,NULL,NULL,'电子产品','电脑',10064),(10379,'电脑30',NULL,NULL,NULL,NULL,15748,NULL,NULL,NULL,'电子产品','电脑',10068),(10380,'电脑31',NULL,NULL,NULL,NULL,19377,NULL,NULL,NULL,'电子产品','电脑',10065),(10381,'电脑32',NULL,NULL,NULL,NULL,5627,NULL,NULL,NULL,'电子产品','电脑',10069),(10382,'电脑33',NULL,NULL,NULL,NULL,6056,NULL,NULL,NULL,'电子产品','电脑',10070),(10383,'电脑34',NULL,NULL,NULL,NULL,13414,NULL,NULL,NULL,'电子产品','电脑',10067),(10384,'电脑35',NULL,NULL,NULL,NULL,16137,NULL,NULL,NULL,'电子产品','电脑',10068),(10385,'电脑36',NULL,NULL,NULL,NULL,3826,NULL,NULL,NULL,'电子产品','电脑',10069),(10386,'电脑37',NULL,NULL,NULL,NULL,4474,NULL,NULL,NULL,'电子产品','电脑',10069),(10387,'电脑38',NULL,NULL,NULL,NULL,16489,NULL,NULL,NULL,'电子产品','电脑',10067),(10388,'电脑39',NULL,NULL,NULL,NULL,3628,NULL,NULL,NULL,'电子产品','电脑',10067),(10389,'电脑40',NULL,NULL,NULL,NULL,18265,NULL,NULL,NULL,'电子产品','电脑',10061),(10390,'电脑41',NULL,NULL,NULL,NULL,11550,NULL,NULL,NULL,'电子产品','电脑',10061),(10391,'电脑42',NULL,NULL,NULL,NULL,3303,NULL,NULL,NULL,'电子产品','电脑',10067),(10392,'电脑43',NULL,NULL,NULL,NULL,14959,NULL,NULL,NULL,'电子产品','电脑',10070),(10393,'电脑44',NULL,NULL,NULL,NULL,2818,NULL,NULL,NULL,'电子产品','电脑',10064),(10394,'电脑45',NULL,NULL,NULL,NULL,16441,NULL,NULL,NULL,'电子产品','电脑',10069),(10395,'电脑46',NULL,NULL,NULL,NULL,6704,NULL,NULL,NULL,'电子产品','电脑',10070),(10396,'电脑47',NULL,NULL,NULL,NULL,2058,NULL,NULL,NULL,'电子产品','电脑',10063),(10397,'电脑48',NULL,NULL,NULL,NULL,19339,NULL,NULL,NULL,'电子产品','电脑',10064),(10398,'电脑49',NULL,NULL,NULL,NULL,12680,NULL,NULL,NULL,'电子产品','电脑',10062),(10399,'电脑50',NULL,NULL,NULL,NULL,12528,NULL,NULL,NULL,'电子产品','电脑',10063);
/*!40000 ALTER TABLE `commodity` ENABLE KEYS */;
UNLOCK TABLES;

--
-- Table structure for table `order_all`
--

DROP TABLE IF EXISTS `order_all`;
/*!40101 SET @saved_cs_client     = @@character_set_client */;
/*!50503 SET character_set_client = utf8mb4 */;
CREATE TABLE `order_all` (
  `idORDER_ALL` int NOT NULL,
  `CART_idCART` int NOT NULL,
  `totalPrice` float NOT NULL,
  `isPaid` tinyint(1) DEFAULT NULL,
  `isCanceled` tinyint(1) DEFAULT NULL,
  `orderTime` datetime NOT NULL,
  `totalNum` float DEFAULT NULL,
  `status` varchar(45) NOT NULL,
  PRIMARY KEY (`idORDER_ALL`),
  KEY `fk_ORDER_ALL_CART1_idx` (`CART_idCART`),
  CONSTRAINT `fk_ORDER_ALL_CART1` FOREIGN KEY (`CART_idCART`) REFERENCES `cart` (`idCART`)
) ENGINE=InnoDB DEFAULT CHARSET=utf8;
/*!40101 SET character_set_client = @saved_cs_client */;

--
-- Dumping data for table `order_all`
--

LOCK TABLES `order_all` WRITE;
/*!40000 ALTER TABLE `order_all` DISABLE KEYS */;
INSERT INTO `order_all` VALUES (10000,1185,25506,NULL,NULL,'2020-03-12 04:46:28',NULL,'已取消'),(10001,1157,55880,NULL,NULL,'2019-09-29 01:30:36',NULL,'已发货'),(10002,1174,22687,NULL,NULL,'2019-12-19 14:54:31',NULL,'已取消'),(10003,1140,38260,NULL,NULL,'2019-05-22 10:16:50',NULL,'已下单'),(10004,1154,48804,NULL,NULL,'2019-03-12 18:55:41',NULL,'已下单'),(10005,1137,18758,NULL,NULL,'2019-12-19 11:08:37',NULL,'已完成'),(10006,1133,164090,NULL,NULL,'2019-03-17 08:31:35',NULL,'已完成'),(10007,1185,52194,NULL,NULL,'2019-08-29 20:31:50',NULL,'已发货'),(10008,1129,1507,NULL,NULL,'2019-03-22 21:01:57',NULL,'已发货'),(10009,1120,9638,NULL,NULL,'2020-06-07 01:20:37',NULL,'已完成'),(10010,1147,10233,NULL,NULL,'2019-01-29 16:09:21',NULL,'已下单'),(10011,1140,15148,NULL,NULL,'2019-06-21 10:41:18',NULL,'已发货'),(10012,1106,2614,NULL,NULL,'2020-05-30 05:39:31',NULL,'已完成'),(10013,1111,101394,NULL,NULL,'2020-02-03 05:40:11',NULL,'已发货'),(10014,1103,21636,NULL,NULL,'2019-05-14 19:52:56',NULL,'已取消'),(10015,1119,27928,NULL,NULL,'2019-04-21 08:48:41',NULL,'已取消'),(10016,1178,51152,NULL,NULL,'2019-12-24 13:20:27',NULL,'已发货'),(10017,1103,13010,NULL,NULL,'2019-09-04 18:49:27',NULL,'已取消'),(10018,1116,50631,NULL,NULL,'2019-10-28 13:47:47',NULL,'已下单'),(10019,1169,53510,NULL,NULL,'2019-10-06 09:01:57',NULL,'已完成'),(10020,1126,134456,NULL,NULL,'2019-11-30 00:49:34',NULL,'已取消'),(10021,1108,23296,NULL,NULL,'2020-01-28 12:18:12',NULL,'已发货'),(10022,1159,4728,NULL,NULL,'2019-04-02 21:05:52',NULL,'已下单'),(10023,1103,50112,NULL,NULL,'2020-06-14 21:38:42',NULL,'已下单'),(10024,1141,10549,NULL,NULL,'2020-01-04 16:40:04',NULL,'已完成'),(10025,1140,23121,NULL,NULL,'2020-05-04 18:19:27',NULL,'已发货'),(10026,1155,18776,NULL,NULL,'2019-07-14 21:33:47',NULL,'已完成'),(10027,1177,22547,NULL,NULL,'2019-10-03 08:06:40',NULL,'已发货'),(10028,1123,51786,NULL,NULL,'2019-10-10 13:41:21',NULL,'已发货'),(10029,1145,53632,NULL,NULL,'2020-04-21 02:25:02',NULL,'已取消'),(10030,1134,29808,NULL,NULL,'2020-02-12 03:20:33',NULL,'已完成'),(10031,1129,36620,NULL,NULL,'2020-06-25 00:38:12',NULL,'已下单'),(10032,1135,4147,NULL,NULL,'2019-11-26 13:18:27',NULL,'已下单'),(10033,1196,117922,NULL,NULL,'2019-04-13 13:48:34',NULL,'已发货'),(10034,1124,8776,NULL,NULL,'2019-05-08 10:10:11',NULL,'已取消'),(10035,1102,4147,NULL,NULL,'2019-02-05 07:49:32',NULL,'已下单'),(10036,1124,37516,NULL,NULL,'2019-02-17 01:47:35',NULL,'已取消'),(10037,1101,8263,NULL,NULL,'2019-01-14 13:45:35',NULL,'已完成'),(10038,1186,131272,NULL,NULL,'2020-03-19 19:04:14',NULL,'已取消'),(10039,1131,16300,NULL,NULL,'2020-01-28 23:57:11',NULL,'已取消'),(10040,1186,44758,NULL,NULL,'2020-02-21 01:57:49',NULL,'已下单'),(10041,1149,84340,NULL,NULL,'2020-05-06 18:27:14',NULL,'已取消'),(10042,1100,45297,NULL,NULL,'2019-10-30 22:54:43',NULL,'已取消'),(10043,1176,30924,NULL,NULL,'2019-05-26 18:21:51',NULL,'已完成'),(10044,1115,19130,NULL,NULL,'2019-09-16 02:56:31',NULL,'已下单'),(10045,1130,8868,NULL,NULL,'2019-02-05 03:34:02',NULL,'已完成'),(10046,1171,57570,NULL,NULL,'2019-10-23 11:28:35',NULL,'已取消'),(10047,1168,21207,NULL,NULL,'2019-04-11 07:39:26',NULL,'已发货'),(10048,1164,48874,NULL,NULL,'2019-10-28 15:17:27',NULL,'已下单'),(10049,1130,151596,NULL,NULL,'2019-02-12 02:54:59',NULL,'已下单'),(10050,1187,35390,NULL,NULL,'2020-03-23 09:44:17',NULL,'已取消'),(10051,1155,67165,NULL,NULL,'2019-10-21 21:44:09',NULL,'已完成'),(10052,1119,82795,NULL,NULL,'2020-05-19 18:43:27',NULL,'已发货'),(10053,1169,16675,NULL,NULL,'2019-01-25 21:10:10',NULL,'已完成'),(10054,1134,15840,NULL,NULL,'2019-03-01 18:30:56',NULL,'已发货'),(10055,1134,58216,NULL,NULL,'2019-01-29 21:24:23',NULL,'已下单'),(10056,1193,73995,NULL,NULL,'2019-05-09 09:18:27',NULL,'已取消'),(10057,1197,22008,NULL,NULL,'2019-03-30 00:00:35',NULL,'已完成'),(10058,1172,11727,NULL,NULL,'2019-02-07 09:45:08',NULL,'已取消'),(10059,1198,54270,NULL,NULL,'2019-10-22 23:12:01',NULL,'已完成'),(10060,1114,4591,NULL,NULL,'2019-04-30 06:16:39',NULL,'已完成'),(10061,1142,11254,NULL,NULL,'2020-05-28 12:35:10',NULL,'已下单'),(10062,1113,23889,NULL,NULL,'2019-03-06 05:18:22',NULL,'已发货'),(10063,1198,2520,NULL,NULL,'2019-03-03 12:05:39',NULL,'已下单'),(10064,1163,34620,NULL,NULL,'2020-05-22 06:04:31',NULL,'已取消'),(10065,1131,20020,NULL,NULL,'2019-02-12 09:48:02',NULL,'已完成'),(10066,1158,10440,NULL,NULL,'2020-05-24 22:13:03',NULL,'已下单'),(10067,1174,88962,NULL,NULL,'2019-07-06 00:04:25',NULL,'已发货'),(10068,1186,32991,NULL,NULL,'2020-05-22 01:48:02',NULL,'已发货'),(10069,1116,70160,NULL,NULL,'2019-08-12 09:18:24',NULL,'已下单'),(10070,1184,19190,NULL,NULL,'2019-09-08 09:15:22',NULL,'已发货'),(10071,1161,32556,NULL,NULL,'2019-02-01 14:40:06',NULL,'已完成'),(10072,1138,24942,NULL,NULL,'2020-02-05 20:19:45',NULL,'已完成'),(10073,1115,7332,NULL,NULL,'2020-02-16 21:46:43',NULL,'已下单'),(10074,1199,12348,NULL,NULL,'2020-04-02 21:14:03',NULL,'已取消'),(10075,1141,35100,NULL,NULL,'2020-02-13 00:31:48',NULL,'已完成'),(10076,1100,45381,NULL,NULL,'2019-01-24 11:06:23',NULL,'已完成'),(10077,1128,8294,NULL,NULL,'2019-01-19 23:21:00',NULL,'已下单'),(10078,1125,20319,NULL,NULL,'2020-01-09 00:09:42',NULL,'已完成'),(10079,1122,28932,NULL,NULL,'2020-02-14 15:41:32',NULL,'已发货'),(10080,1150,29918,NULL,NULL,'2019-06-05 14:41:32',NULL,'已下单'),(10081,1192,19312,NULL,NULL,'2019-11-30 00:01:21',NULL,'已下单'),(10082,1130,10549,NULL,NULL,'2019-03-09 22:34:40',NULL,'已发货'),(10083,1169,2014,NULL,NULL,'2019-04-02 06:07:34',NULL,'已发货'),(10084,1180,11562,NULL,NULL,'2019-07-23 08:27:26',NULL,'已下单'),(10085,1172,20238,NULL,NULL,'2019-04-04 19:14:06',NULL,'已发货'),(10086,1106,37240,NULL,NULL,'2020-04-29 03:28:24',NULL,'已发货'),(10087,1101,1777,NULL,NULL,'2020-05-23 07:08:23',NULL,'已下单'),(10088,1100,36036,NULL,NULL,'2020-06-14 20:11:48',NULL,'已完成'),(10089,1192,5795,NULL,NULL,'2019-02-14 08:26:32',NULL,'已发货'),(10090,1129,80505,NULL,NULL,'2019-06-29 20:02:07',NULL,'已完成'),(10091,1191,9798,NULL,NULL,'2019-02-05 04:04:42',NULL,'已完成'),(10092,1166,2736,NULL,NULL,'2020-05-22 10:03:13',NULL,'已下单'),(10093,1141,190530,NULL,NULL,'2020-02-27 10:47:42',NULL,'已发货'),(10094,1146,62838,NULL,NULL,'2020-06-16 16:20:55',NULL,'已下单'),(10095,1166,48192,NULL,NULL,'2020-04-27 03:25:36',NULL,'已下单'),(10096,1135,6006,NULL,NULL,'2019-02-16 16:24:12',NULL,'已下单'),(10097,1190,24894,NULL,NULL,'2020-04-23 11:00:35',NULL,'已取消'),(10098,1167,39114,NULL,NULL,'2020-05-20 04:32:26',NULL,'已下单'),(10099,1141,19281,NULL,NULL,'2019-02-02 02:40:03',NULL,'已下单'),(10100,1150,42696,NULL,NULL,'2019-07-30 06:15:14',NULL,'已发货'),(10101,1184,59700,NULL,NULL,'2020-04-16 01:46:10',NULL,'已取消'),(10102,1102,96855,NULL,NULL,'2019-06-02 22:46:21',NULL,'已完成'),(10103,1186,14596,NULL,NULL,'2019-05-11 21:37:43',NULL,'已完成'),(10104,1142,14216,NULL,NULL,'2019-09-12 21:56:26',NULL,'已发货'),(10105,1180,49500,NULL,NULL,'2019-02-16 05:57:56',NULL,'已下单'),(10106,1100,4831,NULL,NULL,'2019-07-06 21:46:39',NULL,'已取消'),(10107,1116,74860,NULL,NULL,'2020-02-29 11:50:58',NULL,'已发货'),(10108,1135,68768,NULL,NULL,'2019-01-28 13:11:45',NULL,'已下单'),(10109,1195,55512,NULL,NULL,'2020-04-27 02:16:27',NULL,'已取消'),(10110,1184,43850,NULL,NULL,'2019-10-03 19:17:04',NULL,'已下单'),(10111,1188,10038,NULL,NULL,'2019-08-27 01:47:12',NULL,'已取消'),(10112,1113,29970,NULL,NULL,'2019-10-27 08:01:18',NULL,'已完成'),(10113,1109,84330,NULL,NULL,'2019-10-23 20:56:50',NULL,'已下单'),(10114,1153,48460,NULL,NULL,'2019-02-13 23:07:05',NULL,'已完成'),(10115,1126,5425,NULL,NULL,'2019-05-25 20:42:02',NULL,'已下单'),(10116,1129,58620,NULL,NULL,'2019-01-26 07:16:54',NULL,'已发货'),(10117,1120,88182,NULL,NULL,'2020-04-03 02:16:47',NULL,'已取消'),(10118,1110,41200,NULL,NULL,'2019-04-01 08:52:20',NULL,'已发货'),(10119,1140,23634,NULL,NULL,'2019-04-07 19:16:55',NULL,'已取消'),(10120,1151,8406,NULL,NULL,'2019-02-15 18:53:03',NULL,'已发货'),(10121,1171,39192,NULL,NULL,'2019-06-09 19:41:58',NULL,'已下单'),(10122,1114,24249,NULL,NULL,'2019-11-30 16:56:27',NULL,'已下单'),(10123,1148,34944,NULL,NULL,'2019-05-11 06:25:38',NULL,'已下单'),(10124,1127,169812,NULL,NULL,'2019-03-14 14:31:09',NULL,'已发货'),(10125,1159,53670,NULL,NULL,'2019-01-23 02:37:43',NULL,'已取消'),(10126,1198,49227,NULL,NULL,'2020-03-26 03:30:47',NULL,'已下单'),(10127,1158,46734,NULL,NULL,'2020-05-02 13:23:52',NULL,'已发货'),(10128,1114,11312,NULL,NULL,'2020-03-22 03:28:40',NULL,'已取消'),(10129,1154,55896,NULL,NULL,'2020-05-21 11:23:26',NULL,'已完成'),(10130,1144,54523,NULL,NULL,'2019-04-24 23:01:01',NULL,'已取消'),(10131,1100,10986,NULL,NULL,'2020-01-02 21:32:27',NULL,'已下单'),(10132,1179,71470,NULL,NULL,'2020-04-04 09:01:01',NULL,'已取消'),(10133,1113,63945,NULL,NULL,'2020-04-07 04:53:38',NULL,'已下单'),(10134,1188,86490,NULL,NULL,'2020-06-12 14:09:16',NULL,'已完成'),(10135,1109,63760,NULL,NULL,'2019-05-21 08:13:25',NULL,'已发货'),(10136,1144,58532,NULL,NULL,'2019-12-07 07:55:02',NULL,'已发货'),(10137,1167,3939,NULL,NULL,'2019-11-01 16:21:04',NULL,'已完成'),(10138,1140,36280,NULL,NULL,'2019-10-01 04:28:15',NULL,'已发货'),(10139,1182,45225,NULL,NULL,'2019-06-20 04:39:12',NULL,'已发货'),(10140,1113,53256,NULL,NULL,'2019-12-30 17:10:49',NULL,'已发货'),(10141,1179,19182,NULL,NULL,'2020-06-12 12:13:08',NULL,'已取消'),(10142,1174,23583,NULL,NULL,'2020-05-12 18:31:30',NULL,'已完成'),(10143,1146,14547,NULL,NULL,'2019-05-29 15:06:53',NULL,'已下单'),(10144,1196,54918,NULL,NULL,'2020-01-14 11:57:12',NULL,'已取消'),(10145,1127,55836,NULL,NULL,'2019-04-25 00:20:24',NULL,'已发货'),(10146,1184,65956,NULL,NULL,'2019-07-03 05:07:08',NULL,'已取消'),(10147,1145,52402,NULL,NULL,'2019-11-23 12:09:21',NULL,'已下单'),(10148,1140,38772,NULL,NULL,'2019-03-19 21:49:44',NULL,'已完成'),(10149,1101,59913,NULL,NULL,'2020-02-20 21:24:49',NULL,'已下单'),(10150,1144,36327,NULL,NULL,'2020-06-25 07:26:40',NULL,'已取消'),(10151,1153,3222,NULL,NULL,'2019-11-10 04:14:02',NULL,'已发货'),(10152,1182,97006,NULL,NULL,'2019-01-13 04:59:10',NULL,'已完成'),(10153,1161,38772,NULL,NULL,'2019-08-10 05:14:47',NULL,'已下单'),(10154,1164,21573,NULL,NULL,'2019-07-31 00:37:49',NULL,'已发货'),(10155,1164,67270,NULL,NULL,'2020-05-07 05:02:29',NULL,'已取消'),(10156,1159,133480,NULL,NULL,'2019-04-17 23:30:06',NULL,'已发货'),(10157,1145,52866,NULL,NULL,'2019-07-11 10:33:20',NULL,'已取消'),(10158,1103,87798,NULL,NULL,'2019-04-28 09:30:48',NULL,'已下单'),(10159,1164,5865,NULL,NULL,'2019-04-02 11:44:56',NULL,'已下单'),(10160,1170,134456,NULL,NULL,'2019-11-16 08:01:08',NULL,'已取消'),(10161,1117,14835,NULL,NULL,'2019-12-27 12:35:16',NULL,'已下单'),(10162,1159,53634,NULL,NULL,'2020-01-05 05:46:48',NULL,'已下单'),(10163,1148,38945,NULL,NULL,'2019-05-10 20:23:15',NULL,'已取消'),(10164,1113,49923,NULL,NULL,'2020-04-22 16:27:40',NULL,'已取消'),(10165,1190,14664,NULL,NULL,'2020-04-15 08:45:28',NULL,'已完成'),(10166,1163,189310,NULL,NULL,'2019-01-04 10:03:55',NULL,'已完成'),(10167,1146,115500,NULL,NULL,'2019-05-21 18:45:29',NULL,'已发货'),(10168,1139,14957,NULL,NULL,'2019-02-08 20:24:06',NULL,'已下单'),(10169,1196,1574,NULL,NULL,'2019-03-27 23:26:32',NULL,'已发货'),(10170,1191,30632,NULL,NULL,'2019-10-03 16:30:33',NULL,'已取消'),(10171,1191,20490,NULL,NULL,'2019-01-23 04:09:30',NULL,'已下单'),(10172,1132,7818,NULL,NULL,'2020-05-18 12:03:11',NULL,'已发货'),(10173,1190,6406,NULL,NULL,'2019-09-14 15:47:51',NULL,'已下单'),(10174,1127,40344,NULL,NULL,'2019-12-22 02:52:50',NULL,'已完成'),(10175,1171,166290,NULL,NULL,'2019-04-16 01:00:58',NULL,'已发货'),(10176,1102,56826,NULL,NULL,'2019-10-16 09:01:58',NULL,'已发货'),(10177,1181,9250,NULL,NULL,'2020-04-23 13:31:13',NULL,'已取消'),(10178,1104,2148,NULL,NULL,'2019-10-21 00:01:11',NULL,'已完成'),(10179,1177,41334,NULL,NULL,'2019-08-14 10:06:59',NULL,'已下单'),(10180,1103,25708,NULL,NULL,'2020-02-27 13:51:06',NULL,'已发货'),(10181,1127,34656,NULL,NULL,'2019-11-10 20:11:43',NULL,'已取消'),(10182,1139,29344,NULL,NULL,'2020-04-25 10:52:41',NULL,'已下单'),(10183,1182,49735,NULL,NULL,'2019-11-15 07:16:32',NULL,'已完成'),(10184,1185,11277,NULL,NULL,'2019-12-29 04:39:05',NULL,'已完成'),(10185,1187,49904,NULL,NULL,'2019-03-02 15:39:31',NULL,'已下单'),(10186,1126,24655,NULL,NULL,'2019-02-13 12:36:35',NULL,'已下单'),(10187,1177,39830,NULL,NULL,'2020-03-18 12:32:59',NULL,'已下单'),(10188,1133,9022,NULL,NULL,'2019-01-02 15:01:14',NULL,'已完成'),(10189,1121,87252,NULL,NULL,'2019-07-09 14:20:45',NULL,'已下单'),(10190,1108,15920,NULL,NULL,'2019-04-01 19:24:20',NULL,'已下单'),(10191,1115,78640,NULL,NULL,'2019-12-27 05:14:34',NULL,'已发货'),(10192,1112,67270,NULL,NULL,'2019-08-28 23:16:45',NULL,'已取消'),(10193,1114,56581,NULL,NULL,'2019-12-04 01:10:11',NULL,'已发货'),(10194,1196,109613,NULL,NULL,'2020-01-12 06:06:03',NULL,'已下单'),(10195,1137,96010,NULL,NULL,'2019-05-13 12:53:25',NULL,'已取消'),(10196,1119,18502,NULL,NULL,'2020-01-18 14:34:09',NULL,'已取消'),(10197,1110,41670,NULL,NULL,'2020-04-30 10:45:51',NULL,'已发货'),(10198,1127,37884,NULL,NULL,'2019-06-16 06:53:00',NULL,'已取消'),(10199,1169,112626,NULL,NULL,'2019-07-09 17:13:07',NULL,'已发货'),(10200,1142,2364,NULL,NULL,'2019-07-06 08:56:10',NULL,'已完成'),(10201,1117,45130,NULL,NULL,'2019-08-27 10:39:10',NULL,'已下单'),(10202,1107,13088,NULL,NULL,'2019-04-14 00:38:14',NULL,'已发货'),(10203,1113,24942,NULL,NULL,'2019-12-05 14:37:10',NULL,'已完成'),(10204,1101,11312,NULL,NULL,'2019-03-20 08:11:35',NULL,'已完成'),(10205,1172,82205,NULL,NULL,'2020-03-17 09:51:55',NULL,'已发货'),(10206,1116,58440,NULL,NULL,'2020-01-29 01:28:56',NULL,'已发货'),(10207,1136,28526,NULL,NULL,'2019-08-31 21:00:24',NULL,'已完成'),(10208,1102,69020,NULL,NULL,'2019-03-01 16:40:01',NULL,'已下单'),(10209,1173,54918,NULL,NULL,'2020-04-17 14:59:51',NULL,'已发货'),(10210,1164,48111,NULL,NULL,'2019-03-15 08:23:06',NULL,'已下单'),(10211,1127,107080,NULL,NULL,'2019-05-02 12:52:41',NULL,'已发货'),(10212,1185,99296,NULL,NULL,'2019-03-07 13:12:58',NULL,'已完成'),(10213,1122,130060,NULL,NULL,'2019-01-04 22:27:42',NULL,'已取消'),(10214,1198,58806,NULL,NULL,'2019-12-27 06:22:39',NULL,'已取消'),(10215,1164,7312,NULL,NULL,'2019-10-26 20:46:02',NULL,'已下单'),(10216,1192,24450,NULL,NULL,'2019-07-25 15:31:03',NULL,'已完成'),(10217,1100,16604,NULL,NULL,'2019-07-18 16:54:15',NULL,'已发货'),(10218,1170,75236,NULL,NULL,'2019-02-19 03:26:50',NULL,'已取消'),(10219,1128,62001,NULL,NULL,'2020-03-30 14:29:54',NULL,'已发货'),(10220,1169,86150,NULL,NULL,'2019-03-24 09:20:00',NULL,'已完成'),(10221,1117,80310,NULL,NULL,'2019-03-19 09:44:50',NULL,'已发货'),(10222,1160,23526,NULL,NULL,'2019-09-13 23:04:08',NULL,'已下单'),(10223,1113,13029,NULL,NULL,'2020-04-23 15:32:06',NULL,'已下单'),(10224,1165,30412,NULL,NULL,'2020-06-07 17:44:55',NULL,'已下单'),(10225,1198,3119,NULL,NULL,'2019-05-27 12:48:08',NULL,'已取消'),(10226,1192,16355,NULL,NULL,'2019-06-04 23:24:47',NULL,'已发货'),(10227,1116,40266,NULL,NULL,'2020-01-11 13:46:48',NULL,'已取消'),(10228,1153,17882,NULL,NULL,'2020-05-31 01:26:36',NULL,'已完成'),(10229,1181,15728,NULL,NULL,'2020-06-19 21:01:47',NULL,'已取消'),(10230,1154,8334,NULL,NULL,'2019-05-28 09:53:11',NULL,'已取消'),(10231,1121,2910,NULL,NULL,'2020-03-13 15:06:14',NULL,'已下单'),(10232,1176,23400,NULL,NULL,'2019-01-13 01:12:48',NULL,'已完成'),(10233,1141,79767,NULL,NULL,'2019-08-25 20:38:53',NULL,'已完成'),(10234,1169,8414,NULL,NULL,'2019-08-26 01:25:07',NULL,'已下单'),(10235,1132,29658,NULL,NULL,'2019-11-22 22:19:09',NULL,'已完成'),(10236,1139,26368,NULL,NULL,'2020-06-26 11:19:43',NULL,'已下单'),(10237,1140,8745,NULL,NULL,'2019-12-20 16:28:00',NULL,'已完成'),(10238,1102,38652,NULL,NULL,'2020-06-23 09:48:01',NULL,'已发货'),(10239,1196,107268,NULL,NULL,'2020-04-12 00:15:51',NULL,'已取消'),(10240,1125,87237,NULL,NULL,'2019-11-22 16:50:49',NULL,'已下单'),(10241,1135,76244,NULL,NULL,'2020-05-08 08:26:59',NULL,'已下单'),(10242,1135,15260,NULL,NULL,'2019-06-03 22:21:38',NULL,'已完成'),(10243,1157,9706,NULL,NULL,'2020-03-12 14:52:49',NULL,'已完成'),(10244,1181,85070,NULL,NULL,'2020-03-30 04:27:40',NULL,'已取消'),(10245,1105,25362,NULL,NULL,'2020-06-22 14:28:28',NULL,'已下单'),(10246,1163,51984,NULL,NULL,'2019-05-24 22:32:03',NULL,'已发货'),(10247,1112,86400,NULL,NULL,'2020-01-27 14:35:25',NULL,'已取消'),(10248,1157,5243,NULL,NULL,'2020-05-22 23:18:29',NULL,'已完成'),(10249,1151,187710,NULL,NULL,'2019-02-07 05:52:40',NULL,'已取消'),(10250,1176,70275,NULL,NULL,'2019-12-24 11:40:25',NULL,'已发货'),(10251,1132,14972,NULL,NULL,'2020-01-13 08:53:40',NULL,'已发货'),(10252,1165,34770,NULL,NULL,'2019-09-19 19:39:22',NULL,'已完成'),(10253,1108,55392,NULL,NULL,'2019-10-03 15:36:23',NULL,'已完成'),(10254,1146,27066,NULL,NULL,'2019-01-25 18:24:03',NULL,'已完成'),(10255,1127,87760,NULL,NULL,'2020-03-30 19:22:42',NULL,'已完成'),(10256,1171,40280,NULL,NULL,'2020-04-05 09:53:36',NULL,'已发货'),(10257,1105,29084,NULL,NULL,'2019-11-29 08:39:00',NULL,'已下单'),(10258,1134,7078,NULL,NULL,'2020-03-24 02:03:08',NULL,'已取消'),(10259,1155,10094,NULL,NULL,'2020-01-26 03:38:33',NULL,'已完成'),(10260,1106,48546,NULL,NULL,'2019-03-11 05:48:03',NULL,'已完成'),(10261,1161,14889,NULL,NULL,'2020-05-21 15:25:51',NULL,'已下单'),(10262,1166,40617,NULL,NULL,'2020-04-11 21:26:54',NULL,'已发货'),(10263,1120,6444,NULL,NULL,'2019-08-09 11:33:04',NULL,'已发货'),(10264,1102,16629,NULL,NULL,'2020-05-03 07:57:29',NULL,'已发货'),(10265,1180,4592,NULL,NULL,'2020-04-23 21:45:53',NULL,'已完成'),(10266,1132,5150,NULL,NULL,'2020-04-24 07:43:55',NULL,'已完成'),(10267,1107,17960,NULL,NULL,'2020-01-04 00:16:50',NULL,'已发货'),(10268,1180,118076,NULL,NULL,'2019-06-03 02:50:43',NULL,'已下单'),(10269,1185,7486,NULL,NULL,'2019-02-22 16:12:48',NULL,'已完成'),(10270,1163,101394,NULL,NULL,'2020-01-18 17:43:43',NULL,'已下单'),(10271,1166,20619,NULL,NULL,'2020-02-13 23:54:12',NULL,'已下单'),(10272,1152,33817,NULL,NULL,'2019-02-13 10:51:14',NULL,'已取消'),(10273,1116,14055,NULL,NULL,'2019-05-24 07:36:49',NULL,'已取消'),(10274,1194,76244,NULL,NULL,'2019-01-23 03:31:34',NULL,'已发货'),(10275,1129,117000,NULL,NULL,'2020-03-30 19:34:53',NULL,'已完成'),(10276,1129,43950,NULL,NULL,'2019-06-20 23:56:11',NULL,'已完成'),(10277,1127,79200,NULL,NULL,'2019-01-21 01:05:29',NULL,'已下单'),(10278,1132,24249,NULL,NULL,'2019-11-07 21:16:36',NULL,'已发货'),(10279,1161,6542,NULL,NULL,'2019-06-11 23:48:29',NULL,'已完成'),(10280,1149,38898,NULL,NULL,'2019-10-15 02:26:56',NULL,'已发货'),(10281,1151,11052,NULL,NULL,'2019-03-26 04:50:21',NULL,'已取消'),(10282,1105,35133,NULL,NULL,'2020-05-14 23:04:44',NULL,'已取消'),(10283,1140,148270,NULL,NULL,'2019-03-06 10:14:56',NULL,'已发货'),(10284,1193,20735,NULL,NULL,'2020-05-21 01:55:08',NULL,'已取消'),(10285,1172,42850,NULL,NULL,'2020-04-11 04:08:00',NULL,'已完成'),(10286,1133,5532,NULL,NULL,'2019-03-09 03:18:48',NULL,'已完成'),(10287,1143,42290,NULL,NULL,'2019-09-12 09:30:16',NULL,'已发货'),(10288,1163,27573,NULL,NULL,'2020-02-27 19:09:52',NULL,'已发货'),(10289,1107,14392,NULL,NULL,'2019-01-16 19:30:09',NULL,'已发货'),(10290,1165,14538,NULL,NULL,'2019-07-01 00:19:16',NULL,'已发货'),(10291,1125,43495,NULL,NULL,'2020-04-30 08:37:24',NULL,'已取消'),(10292,1100,15812,NULL,NULL,'2019-05-13 11:52:28',NULL,'已取消'),(10293,1185,12776,NULL,NULL,'2019-11-21 03:04:00',NULL,'已下单'),(10294,1182,33156,NULL,NULL,'2019-02-28 14:04:53',NULL,'已取消'),(10295,1154,69850,NULL,NULL,'2019-05-28 04:32:49',NULL,'已完成'),(10296,1169,10440,NULL,NULL,'2019-12-16 08:59:25',NULL,'已发货'),(10297,1153,55048,NULL,NULL,'2019-02-25 05:29:49',NULL,'已发货'),(10298,1130,21166,NULL,NULL,'2019-01-24 23:46:36',NULL,'已下单'),(10299,1101,11370,NULL,NULL,'2019-08-07 08:44:13',NULL,'已下单'),(10300,1140,40476,NULL,NULL,'2019-10-20 07:31:54',NULL,'已发货'),(10301,1139,113208,NULL,NULL,'2020-06-16 01:19:08',NULL,'已发货'),(10302,1135,38420,NULL,NULL,'2020-04-29 06:18:55',NULL,'已取消'),(10303,1146,18348,NULL,NULL,'2019-02-12 09:47:03',NULL,'已取消'),(10304,1102,6300,NULL,NULL,'2020-05-15 18:16:02',NULL,'已完成'),(10305,1119,12621,NULL,NULL,'2019-01-06 07:53:48',NULL,'已下单'),(10306,1177,13784,NULL,NULL,'2020-02-15 16:43:52',NULL,'已下单'),(10307,1108,47520,NULL,NULL,'2019-12-29 11:11:59',NULL,'已取消'),(10308,1129,25330,NULL,NULL,'2019-01-26 04:39:14',NULL,'已下单'),(10309,1145,4722,NULL,NULL,'2020-04-03 15:58:34',NULL,'已完成'),(10310,1145,59700,NULL,NULL,'2020-05-11 09:38:32',NULL,'已下单'),(10311,1197,32250,NULL,NULL,'2019-03-27 10:51:49',NULL,'已取消'),(10312,1154,28091,NULL,NULL,'2019-12-26 14:42:57',NULL,'已完成'),(10313,1130,9663,NULL,NULL,'2019-04-20 20:07:25',NULL,'已发货'),(10314,1178,52402,NULL,NULL,'2019-07-24 13:47:36',NULL,'已发货'),(10315,1186,26148,NULL,NULL,'2019-12-08 00:39:53',NULL,'已下单'),(10316,1103,42468,NULL,NULL,'2019-07-31 14:49:50',NULL,'已下单'),(10317,1195,26424,NULL,NULL,'2020-06-22 00:04:43',NULL,'已下单'),(10318,1192,42980,NULL,NULL,'2020-04-09 01:38:58',NULL,'已完成'),(10319,1162,7486,NULL,NULL,'2019-09-22 05:37:08',NULL,'已下单'),(10320,1160,35412,NULL,NULL,'2019-12-03 16:22:37',NULL,'已取消'),(10321,1186,16485,NULL,NULL,'2019-08-27 10:56:02',NULL,'已完成'),(10322,1187,3222,NULL,NULL,'2019-04-14 21:07:02',NULL,'已发货'),(10323,1160,32895,NULL,NULL,'2019-07-30 01:12:27',NULL,'已发货'),(10324,1131,45876,NULL,NULL,'2019-07-03 00:52:47',NULL,'已下单'),(10325,1126,37008,NULL,NULL,'2020-06-23 00:26:15',NULL,'已取消'),(10326,1199,16409,NULL,NULL,'2019-04-20 23:00:22',NULL,'已下单'),(10327,1163,19971,NULL,NULL,'2020-03-16 01:35:32',NULL,'已发货'),(10328,1160,56048,NULL,NULL,'2020-03-16 11:02:43',NULL,'已取消'),(10329,1124,19326,NULL,NULL,'2019-12-10 08:06:28',NULL,'已取消'),(10330,1143,20375,NULL,NULL,'2019-12-23 22:26:25',NULL,'已发货'),(10331,1104,112448,NULL,NULL,'2019-08-08 15:38:21',NULL,'已下单'),(10332,1130,52745,NULL,NULL,'2019-05-24 17:08:03',NULL,'已发货'),(10333,1177,31577,NULL,NULL,'2019-06-20 03:03:50',NULL,'已发货'),(10334,1180,32137,NULL,NULL,'2020-06-06 21:25:27',NULL,'已取消'),(10335,1181,5286,NULL,NULL,'2020-05-26 04:15:27',NULL,'已取消'),(10336,1171,1955,NULL,NULL,'2020-03-29 01:01:31',NULL,'已发货'),(10337,1143,91535,NULL,NULL,'2020-05-30 06:36:41',NULL,'已下单'),(10338,1130,38465,NULL,NULL,'2019-05-03 20:35:11',NULL,'已完成'),(10339,1138,1444,NULL,NULL,'2019-03-11 20:54:08',NULL,'已下单'),(10340,1147,162252,NULL,NULL,'2020-01-23 16:49:09',NULL,'已发货'),(10341,1189,33620,NULL,NULL,'2019-06-14 19:59:47',NULL,'已发货'),(10342,1163,3194,NULL,NULL,'2019-12-28 13:21:20',NULL,'已完成'),(10343,1112,31156,NULL,NULL,'2019-06-27 22:14:29',NULL,'已取消'),(10344,1171,42414,NULL,NULL,'2019-03-14 01:35:25',NULL,'已取消'),(10345,1152,34032,NULL,NULL,'2020-04-14 01:12:46',NULL,'已取消'),(10346,1122,22939,NULL,NULL,'2020-01-07 17:11:13',NULL,'已下单'),(10347,1182,112752,NULL,NULL,'2019-01-08 20:09:09',NULL,'已发货'),(10348,1170,7518,NULL,NULL,'2020-04-20 16:55:05',NULL,'已取消'),(10349,1105,12020,NULL,NULL,'2019-02-19 03:30:47',NULL,'已下单'),(10350,1119,85707,NULL,NULL,'2020-02-09 06:12:57',NULL,'已发货'),(10351,1179,118944,NULL,NULL,'2019-08-19 00:03:26',NULL,'已下单'),(10352,1107,66672,NULL,NULL,'2020-01-08 07:34:10',NULL,'已取消'),(10353,1113,11254,NULL,NULL,'2019-12-04 04:29:16',NULL,'已发货'),(10354,1114,6873,NULL,NULL,'2019-03-12 18:50:54',NULL,'已取消'),(10355,1156,19155,NULL,NULL,'2019-09-19 07:04:12',NULL,'已取消'),(10356,1104,23016,NULL,NULL,'2020-02-02 13:31:19',NULL,'已完成'),(10357,1171,775,NULL,NULL,'2019-09-07 12:29:16',NULL,'已下单'),(10358,1100,39330,NULL,NULL,'2019-07-25 09:42:32',NULL,'已完成'),(10359,1182,6442,NULL,NULL,'2019-08-26 13:52:18',NULL,'已取消'),(10360,1105,62118,NULL,NULL,'2019-06-15 21:36:04',NULL,'已下单'),(10361,1162,25845,NULL,NULL,'2019-12-11 10:36:37',NULL,'已发货'),(10362,1151,107080,NULL,NULL,'2019-02-06 10:31:10',NULL,'已发货'),(10363,1149,36675,NULL,NULL,'2019-09-20 13:46:27',NULL,'已发货'),(10364,1114,29493,NULL,NULL,'2019-04-29 11:30:39',NULL,'已下单'),(10365,1106,30782,NULL,NULL,'2020-05-09 01:51:08',NULL,'已取消'),(10366,1113,48448,NULL,NULL,'2020-04-06 23:24:57',NULL,'已发货'),(10367,1163,10005,NULL,NULL,'2019-01-02 04:57:19',NULL,'已发货'),(10368,1118,24725,NULL,NULL,'2020-04-11 19:34:09',NULL,'已下单'),(10369,1170,17860,NULL,NULL,'2019-11-26 06:03:05',NULL,'已完成'),(10370,1154,29100,NULL,NULL,'2020-01-22 20:56:29',NULL,'已发货'),(10371,1152,65030,NULL,NULL,'2019-04-18 22:59:46',NULL,'已取消'),(10372,1191,54480,NULL,NULL,'2019-06-29 11:14:33',NULL,'已取消'),(10373,1158,45130,NULL,NULL,'2020-04-08 18:42:19',NULL,'已发货'),(10374,1177,136230,NULL,NULL,'2020-06-16 12:52:16',NULL,'已下单'),(10375,1122,46173,NULL,NULL,'2019-12-11 20:47:19',NULL,'已取消'),(10376,1150,58768,NULL,NULL,'2020-04-06 16:45:33',NULL,'已下单'),(10377,1150,74008,NULL,NULL,'2020-01-11 05:25:20',NULL,'已下单'),(10378,1186,31496,NULL,NULL,'2019-02-20 01:54:14',NULL,'已完成'),(10379,1190,17014,NULL,NULL,'2020-06-10 00:35:12',NULL,'已发货'),(10380,1162,6902,NULL,NULL,'2019-04-30 16:01:42',NULL,'已发货'),(10381,1127,28196,NULL,NULL,'2019-07-02 09:40:08',NULL,'已发货'),(10382,1194,890,NULL,NULL,'2020-01-29 02:02:58',NULL,'已发货'),(10383,1182,76460,NULL,NULL,'2019-09-04 08:19:37',NULL,'已下单'),(10384,1157,4728,NULL,NULL,'2019-11-02 18:30:09',NULL,'已取消'),(10385,1117,5685,NULL,NULL,'2020-04-27 22:54:34',NULL,'已发货'),(10386,1118,4794,NULL,NULL,'2019-05-18 11:49:15',NULL,'已取消'),(10387,1109,59008,NULL,NULL,'2020-05-26 05:42:06',NULL,'已发货'),(10388,1103,8798,NULL,NULL,'2020-01-05 11:14:25',NULL,'已完成'),(10389,1161,1337,NULL,NULL,'2019-12-19 19:13:25',NULL,'已发货'),(10390,1172,44315,NULL,NULL,'2019-05-17 04:35:30',NULL,'已完成'),(10391,1184,66717,NULL,NULL,'2019-04-12 06:19:06',NULL,'已下单'),(10392,1182,22736,NULL,NULL,'2020-03-27 10:08:54',NULL,'已下单'),(10393,1178,132076,NULL,NULL,'2019-07-12 07:03:19',NULL,'已取消'),(10394,1139,13804,NULL,NULL,'2019-05-17 07:18:23',NULL,'已完成'),(10395,1177,16441,NULL,NULL,'2019-10-29 23:11:33',NULL,'已取消'),(10396,1101,49578,NULL,NULL,'2019-03-21 00:16:27',NULL,'已取消'),(10397,1107,161800,NULL,NULL,'2019-05-28 15:46:32',NULL,'已取消'),(10398,1161,26136,NULL,NULL,'2019-04-11 06:22:54',NULL,'已发货'),(10399,1153,51966,NULL,NULL,'2019-12-18 05:15:40',NULL,'已下单'),(10400,1185,80320,NULL,NULL,'2020-02-20 08:22:46',NULL,'已下单'),(10401,1199,6810,NULL,NULL,'2019-10-19 18:31:23',NULL,'已发货'),(10402,1138,33624,NULL,NULL,'2019-05-22 19:24:20',NULL,'已取消'),(10403,1194,8925,NULL,NULL,'2020-03-10 00:01:36',NULL,'已取消'),(10404,1104,146952,NULL,NULL,'2020-02-10 21:51:06',NULL,'已下单'),(10405,1196,23880,NULL,NULL,'2019-05-24 02:19:03',NULL,'已下单'),(10406,1100,8570,NULL,NULL,'2020-03-11 02:45:07',NULL,'已下单'),(10407,1131,10968,NULL,NULL,'2020-02-08 20:33:38',NULL,'已下单'),(10408,1126,41544,NULL,NULL,'2019-03-15 14:50:12',NULL,'已下单'),(10409,1183,71352,NULL,NULL,'2020-02-26 03:50:43',NULL,'已下单'),(10410,1197,115423,NULL,NULL,'2020-06-04 18:01:01',NULL,'已发货'),(10411,1158,41520,NULL,NULL,'2019-02-04 03:24:30',NULL,'已下单'),(10412,1140,76212,NULL,NULL,'2019-01-08 15:51:02',NULL,'已完成'),(10413,1184,52296,NULL,NULL,'2019-12-26 02:30:39',NULL,'已完成'),(10414,1182,69456,NULL,NULL,'2019-04-24 16:22:05',NULL,'已发货'),(10415,1107,13539,NULL,NULL,'2020-06-05 11:33:14',NULL,'已完成'),(10416,1121,42808,NULL,NULL,'2020-01-08 14:33:21',NULL,'已发货'),(10417,1144,116262,NULL,NULL,'2019-10-04 13:25:39',NULL,'已取消'),(10418,1121,143370,NULL,NULL,'2020-01-21 11:05:08',NULL,'已发货'),(10419,1169,81599,NULL,NULL,'2019-09-10 05:20:58',NULL,'已完成'),(10420,1190,25750,NULL,NULL,'2020-01-31 09:38:19',NULL,'已完成'),(10421,1192,28932,NULL,NULL,'2019-12-14 16:51:19',NULL,'已完成'),(10422,1135,18660,NULL,NULL,'2020-06-13 16:33:35',NULL,'已完成'),(10423,1195,6987,NULL,NULL,'2019-02-19 12:11:51',NULL,'已发货'),(10424,1121,71528,NULL,NULL,'2019-05-23 12:11:27',NULL,'已下单'),(10425,1124,6524,NULL,NULL,'2020-01-27 20:18:34',NULL,'已发货'),(10426,1190,9716,NULL,NULL,'2019-12-10 09:51:05',NULL,'已发货'),(10427,1157,4056,NULL,NULL,'2019-09-07 20:50:15',NULL,'已发货'),(10428,1148,24810,NULL,NULL,'2019-12-06 18:04:07',NULL,'已完成'),(10429,1199,8064,NULL,NULL,'2019-04-17 11:00:08',NULL,'已完成'),(10430,1175,93880,NULL,NULL,'2020-02-08 08:09:17',NULL,'已完成'),(10431,1180,2385,NULL,NULL,'2019-07-24 13:07:44',NULL,'已下单'),(10432,1187,9016,NULL,NULL,'2019-10-30 19:28:58',NULL,'已取消'),(10433,1134,12964,NULL,NULL,'2019-10-01 05:35:36',NULL,'已下单'),(10434,1160,49923,NULL,NULL,'2020-04-06 20:54:55',NULL,'已取消'),(10435,1166,29024,NULL,NULL,'2019-10-17 01:42:07',NULL,'已下单'),(10436,1145,53792,NULL,NULL,'2019-07-21 11:46:55',NULL,'已发货'),(10437,1103,58788,NULL,NULL,'2020-03-11 15:06:59',NULL,'已取消'),(10438,1186,10549,NULL,NULL,'2019-05-12 07:36:59',NULL,'已发货'),(10439,1158,14392,NULL,NULL,'2020-03-10 17:51:17',NULL,'已完成'),(10440,1120,17694,NULL,NULL,'2020-04-02 21:58:48',NULL,'已完成'),(10441,1124,189310,NULL,NULL,'2019-10-08 18:39:09',NULL,'已发货'),(10442,1194,89754,NULL,NULL,'2019-02-09 01:54:37',NULL,'已下单'),(10443,1151,79600,NULL,NULL,'2019-05-04 04:18:57',NULL,'已发货'),(10444,1187,15304,NULL,NULL,'2019-09-14 14:53:20',NULL,'已发货'),(10445,1163,9716,NULL,NULL,'2019-02-16 13:08:40',NULL,'已取消'),(10446,1121,16050,NULL,NULL,'2019-11-29 23:45:23',NULL,'已完成'),(10447,1126,5019,NULL,NULL,'2019-01-06 13:58:13',NULL,'已发货'),(10448,1110,6657,NULL,NULL,'2019-06-14 14:00:22',NULL,'已完成'),(10449,1131,44871,NULL,NULL,'2020-02-14 04:04:24',NULL,'已完成'),(10450,1155,72330,NULL,NULL,'2019-12-08 07:44:10',NULL,'已完成'),(10451,1134,8592,NULL,NULL,'2019-10-05 03:59:44',NULL,'已下单'),(10452,1139,33120,NULL,NULL,'2019-04-15 07:03:46',NULL,'已下单'),(10453,1174,25928,NULL,NULL,'2020-05-28 03:52:10',NULL,'已取消'),(10454,1112,10582,NULL,NULL,'2019-01-24 06:40:59',NULL,'已取消'),(10455,1195,13184,NULL,NULL,'2019-02-13 18:17:04',NULL,'已完成'),(10456,1127,160263,NULL,NULL,'2019-09-20 11:47:35',NULL,'已完成'),(10457,1157,21441,NULL,NULL,'2019-04-26 15:44:28',NULL,'已完成'),(10458,1144,57864,NULL,NULL,'2019-09-08 08:17:05',NULL,'已发货'),(10459,1187,41314,NULL,NULL,'2019-11-15 23:43:19',NULL,'已发货'),(10460,1120,68115,NULL,NULL,'2019-04-13 11:40:56',NULL,'已下单'),(10461,1129,33272,NULL,NULL,'2020-01-22 13:43:07',NULL,'已下单'),(10462,1118,7490,NULL,NULL,'2019-07-13 18:39:31',NULL,'已完成'),(10463,1193,73995,NULL,NULL,'2020-02-12 03:04:22',NULL,'已完成'),(10464,1183,47955,NULL,NULL,'2019-09-24 22:51:53',NULL,'已发货'),(10465,1199,54492,NULL,NULL,'2019-09-06 01:52:53',NULL,'已完成'),(10466,1158,21704,NULL,NULL,'2019-07-11 23:45:39',NULL,'已发货'),(10467,1140,17052,NULL,NULL,'2019-03-23 04:07:17',NULL,'已下单'),(10468,1172,42808,NULL,NULL,'2019-04-04 01:17:00',NULL,'已取消'),(10469,1178,13685,NULL,NULL,'2019-06-06 14:00:26',NULL,'已下单'),(10470,1123,32652,NULL,NULL,'2020-01-28 06:19:49',NULL,'已完成'),(10471,1154,34980,NULL,NULL,'2020-01-26 19:22:44',NULL,'已发货'),(10472,1112,19202,NULL,NULL,'2019-06-12 08:04:52',NULL,'已发货'),(10473,1191,14310,NULL,NULL,'2019-05-10 09:38:26',NULL,'已下单'),(10474,1121,10107,NULL,NULL,'2019-04-15 11:55:25',NULL,'已发货'),(10475,1107,33118,NULL,NULL,'2020-04-26 01:12:09',NULL,'已取消'),(10476,1182,107080,NULL,NULL,'2019-02-17 03:32:48',NULL,'已取消'),(10477,1181,32104,NULL,NULL,'2020-03-10 19:12:46',NULL,'已完成'),(10478,1165,83040,NULL,NULL,'2019-06-28 07:49:24',NULL,'已发货'),(10479,1182,42030,NULL,NULL,'2019-07-27 14:42:57',NULL,'已发货'),(10480,1167,70690,NULL,NULL,'2020-06-04 10:15:51',NULL,'已下单'),(10481,1143,84035,NULL,NULL,'2020-01-29 23:27:33',NULL,'已下单'),(10482,1181,39800,NULL,NULL,'2019-10-04 22:43:08',NULL,'已下单'),(10483,1198,5760,NULL,NULL,'2019-04-23 11:06:00',NULL,'已完成'),(10484,1126,12628,NULL,NULL,'2019-07-11 17:15:12',NULL,'已发货'),(10485,1166,72935,NULL,NULL,'2019-05-01 15:46:42',NULL,'已发货'),(10486,1165,14758,NULL,NULL,'2019-07-22 18:07:30',NULL,'已取消'),(10487,1158,79790,NULL,NULL,'2019-09-30 17:53:16',NULL,'已完成'),(10488,1147,31749,NULL,NULL,'2019-07-31 14:40:00',NULL,'已完成'),(10489,1153,72630,NULL,NULL,'2020-03-25 15:27:30',NULL,'已下单'),(10490,1183,85578,NULL,NULL,'2020-01-12 23:17:26',NULL,'已完成'),(10491,1119,19596,NULL,NULL,'2019-03-06 13:14:10',NULL,'已取消'),(10492,1135,125280,NULL,NULL,'2019-03-15 02:03:03',NULL,'已下单'),(10493,1166,38036,NULL,NULL,'2020-01-31 02:52:13',NULL,'已完成'),(10494,1151,51500,NULL,NULL,'2019-10-31 14:49:14',NULL,'已完成'),(10495,1192,34460,NULL,NULL,'2020-03-12 11:51:26',NULL,'已下单'),(10496,1110,25708,NULL,NULL,'2019-03-20 19:46:26',NULL,'已发货'),(10497,1186,56840,NULL,NULL,'2019-10-13 06:03:07',NULL,'已下单'),(10498,1156,7624,NULL,NULL,'2020-05-07 00:32:06',NULL,'已下单'),(10499,1103,51080,NULL,NULL,'2019-04-15 22:30:12',NULL,'已完成'),(10500,1193,57054,NULL,NULL,'2019-06-02 20:40:51',NULL,'已完成'),(10501,1197,111580,NULL,NULL,'2020-06-18 10:14:37',NULL,'已取消'),(10502,1108,1833,NULL,NULL,'2019-11-29 17:29:09',NULL,'已下单'),(10503,1122,16485,NULL,NULL,'2019-09-13 15:57:21',NULL,'已完成'),(10504,1177,81415,NULL,NULL,'2019-02-14 17:47:43',NULL,'已取消'),(10505,1196,174339,NULL,NULL,'2020-03-04 17:24:34',NULL,'已下单'),(10506,1111,114114,NULL,NULL,'2020-03-17 19:10:49',NULL,'已取消'),(10507,1176,268940,NULL,NULL,'2019-11-12 21:06:16',NULL,'已下单'),(10508,1183,40860,NULL,NULL,'2019-03-23 09:49:59',NULL,'已发货'),(10509,1194,32967,NULL,NULL,'2020-05-02 09:28:22',NULL,'已发货'),(10510,1150,12752,NULL,NULL,'2019-03-14 13:08:30',NULL,'已完成'),(10511,1142,37552,NULL,NULL,'2019-04-20 09:18:01',NULL,'已完成'),(10512,1119,57106,NULL,NULL,'2019-08-24 12:12:36',NULL,'已下单'),(10513,1199,132864,NULL,NULL,'2019-03-29 11:45:19',NULL,'已取消'),(10514,1160,52052,NULL,NULL,'2019-08-01 19:13:30',NULL,'已完成'),(10515,1129,10720,NULL,NULL,'2019-02-21 08:21:46',NULL,'已完成'),(10516,1127,107624,NULL,NULL,'2019-11-24 22:52:09',NULL,'已发货'),(10517,1100,104910,NULL,NULL,'2019-03-19 18:31:29',NULL,'已发货'),(10518,1139,104994,NULL,NULL,'2019-09-24 23:25:38',NULL,'已发货'),(10519,1146,83664,NULL,NULL,'2019-05-22 05:49:28',NULL,'已发货'),(10520,1109,82875,NULL,NULL,'2020-01-08 10:49:04',NULL,'已发货'),(10521,1185,38898,NULL,NULL,'2019-12-09 13:32:22',NULL,'已下单'),(10522,1183,261647,NULL,NULL,'2020-02-04 16:17:21',NULL,'已下单'),(10523,1112,359689,NULL,NULL,'2019-05-08 14:38:40',NULL,'已下单'),(10524,1153,67384,NULL,NULL,'2019-03-14 13:46:10',NULL,'已取消'),(10525,1179,150756,NULL,NULL,'2019-05-09 22:56:29',NULL,'已取消'),(10526,1123,5824,NULL,NULL,'2019-05-29 15:14:34',NULL,'已取消'),(10527,1177,236784,NULL,NULL,'2020-06-24 11:21:53',NULL,'已下单'),(10528,1184,28968,NULL,NULL,'2019-07-10 03:45:47',NULL,'已取消'),(10529,1126,17990,NULL,NULL,'2020-03-19 07:25:09',NULL,'已完成'),(10530,1140,284183,NULL,NULL,'2019-12-11 17:10:26',NULL,'已发货'),(10531,1133,186295,NULL,NULL,'2020-03-28 01:37:29',NULL,'已完成'),(10532,1127,139440,NULL,NULL,'2020-05-08 03:03:44',NULL,'已取消'),(10533,1165,85561,NULL,NULL,'2020-04-01 22:10:43',NULL,'已完成'),(10534,1104,69982,NULL,NULL,'2019-05-10 03:49:10',NULL,'已发货'),(10535,1193,14864,NULL,NULL,'2019-01-26 15:40:07',NULL,'已发货'),(10536,1110,146003,NULL,NULL,'2019-09-20 14:31:42',NULL,'已下单'),(10537,1150,32244,NULL,NULL,'2020-05-08 13:46:59',NULL,'已完成'),(10538,1154,19086,NULL,NULL,'2019-07-27 08:26:13',NULL,'已发货'),(10539,1107,25218,NULL,NULL,'2020-03-16 08:36:37',NULL,'已发货'),(10540,1174,45297,NULL,NULL,'2019-05-31 12:12:10',NULL,'已取消'),(10541,1193,22370,NULL,NULL,'2019-01-08 18:43:30',NULL,'已发货'),(10542,1145,54420,NULL,NULL,'2019-09-29 04:31:45',NULL,'已下单'),(10543,1142,2736,NULL,NULL,'2020-02-19 05:01:26',NULL,'已取消'),(10544,1150,32032,NULL,NULL,'2020-01-14 09:34:04',NULL,'已发货'),(10545,1170,23632,NULL,NULL,'2019-01-17 22:09:08',NULL,'已完成'),(10546,1143,197132,NULL,NULL,'2020-03-17 15:42:11',NULL,'已下单'),(10547,1132,58338,NULL,NULL,'2019-09-04 01:58:11',NULL,'已完成'),(10548,1168,92586,NULL,NULL,'2019-08-16 06:56:50',NULL,'已发货'),(10549,1175,91078,NULL,NULL,'2019-12-19 19:00:01',NULL,'已完成'),(10550,1174,50724,NULL,NULL,'2019-02-23 01:05:38',NULL,'已发货'),(10551,1108,75168,NULL,NULL,'2019-06-25 11:37:23',NULL,'已完成'),(10552,1145,107205,NULL,NULL,'2019-05-06 02:18:48',NULL,'已取消'),(10553,1102,15856,NULL,NULL,'2019-05-30 04:03:08',NULL,'已完成'),(10554,1137,68090,NULL,NULL,'2019-12-11 08:36:51',NULL,'已下单'),(10555,1176,46512,NULL,NULL,'2019-12-22 06:35:54',NULL,'已取消'),(10556,1109,58920,NULL,NULL,'2019-07-29 21:12:33',NULL,'已完成'),(10557,1174,61215,NULL,NULL,'2019-09-20 17:54:53',NULL,'已完成'),(10558,1178,54639,NULL,NULL,'2019-07-11 13:21:17',NULL,'已下单'),(10559,1142,29816,NULL,NULL,'2020-05-13 22:46:08',NULL,'已下单'),(10560,1185,100334,NULL,NULL,'2019-07-10 07:22:56',NULL,'已完成'),(10561,1159,129424,NULL,NULL,'2020-06-02 11:22:10',NULL,'已取消'),(10562,1133,25056,NULL,NULL,'2019-04-16 15:15:46',NULL,'已完成'),(10563,1165,199000,NULL,NULL,'2019-01-30 00:48:23',NULL,'已发货'),(10564,1137,94278,NULL,NULL,'2019-10-04 11:16:36',NULL,'已发货'),(10565,1139,65764,NULL,NULL,'2019-07-05 06:52:13',NULL,'已完成'),(10566,1132,33688,NULL,NULL,'2019-01-16 12:57:40',NULL,'已完成'),(10567,1188,174339,NULL,NULL,'2020-05-26 07:56:17',NULL,'已发货'),(10568,1102,61848,NULL,NULL,'2019-03-19 22:26:01',NULL,'已取消'),(10569,1142,105611,NULL,NULL,'2019-08-21 08:21:16',NULL,'已发货'),(10570,1177,86150,NULL,NULL,'2020-01-18 23:08:12',NULL,'已发货'),(10571,1189,43540,NULL,NULL,'2019-09-24 19:27:38',NULL,'已发货'),(10572,1169,58830,NULL,NULL,'2019-12-26 06:47:48',NULL,'已完成'),(10573,1193,59616,NULL,NULL,'2020-02-24 15:24:10',NULL,'已发货'),(10574,1136,33462,NULL,NULL,'2020-01-25 14:16:06',NULL,'已发货'),(10575,1154,90766,NULL,NULL,'2020-01-16 10:13:18',NULL,'已取消'),(10576,1153,5337,NULL,NULL,'2019-11-29 07:34:46',NULL,'已取消'),(10577,1179,6220,NULL,NULL,'2019-02-06 03:28:23',NULL,'已取消'),(10578,1102,87412,NULL,NULL,'2020-04-29 19:59:40',NULL,'已完成'),(10579,1179,191900,NULL,NULL,'2019-08-22 23:34:36',NULL,'已完成'),(10580,1111,100560,NULL,NULL,'2020-01-23 16:55:07',NULL,'已发货'),(10581,1178,213360,NULL,NULL,'2019-07-18 09:03:15',NULL,'已发货'),(10582,1173,59700,NULL,NULL,'2019-09-19 15:32:03',NULL,'已取消'),(10583,1134,95876,NULL,NULL,'2019-01-16 08:31:54',NULL,'已完成'),(10584,1126,114372,NULL,NULL,'2019-01-23 13:59:21',NULL,'已取消'),(10585,1182,152438,NULL,NULL,'2019-08-22 13:13:40',NULL,'已完成'),(10586,1174,9432,NULL,NULL,'2020-05-10 12:59:15',NULL,'已完成'),(10587,1160,108520,NULL,NULL,'2019-07-12 01:54:04',NULL,'已完成'),(10588,1119,44667,NULL,NULL,'2019-10-25 12:28:06',NULL,'已取消'),(10589,1115,40130,NULL,NULL,'2020-05-07 08:43:22',NULL,'已发货'),(10590,1173,261647,NULL,NULL,'2019-11-26 04:59:44',NULL,'已下单'),(10591,1183,95640,NULL,NULL,'2020-05-05 08:43:37',NULL,'已发货'),(10592,1128,34460,NULL,NULL,'2019-07-03 10:54:10',NULL,'已取消'),(10593,1199,153456,NULL,NULL,'2019-03-05 01:13:56',NULL,'已取消'),(10594,1168,180851,NULL,NULL,'2019-01-21 21:22:29',NULL,'已发货'),(10595,1140,152160,NULL,NULL,'2020-06-07 00:39:25',NULL,'已取消'),(10596,1189,57180,NULL,NULL,'2020-04-11 23:40:15',NULL,'已发货'),(10597,1160,128583,NULL,NULL,'2019-05-19 20:03:38',NULL,'已发货'),(10598,1126,35244,NULL,NULL,'2019-03-15 04:16:51',NULL,'已发货'),(10599,1196,262140,NULL,NULL,'2019-10-30 03:42:21',NULL,'已完成'),(10600,1156,4147,NULL,NULL,'2019-07-28 13:04:17',NULL,'已下单'),(10601,1157,38304,NULL,NULL,'2019-06-06 20:49:16',NULL,'已下单'),(10602,1175,16016,NULL,NULL,'2019-07-26 00:29:14',NULL,'已完成'),(10603,1116,23592,NULL,NULL,'2020-05-18 22:50:20',NULL,'已取消'),(10604,1154,21432,NULL,NULL,'2019-04-09 22:25:13',NULL,'已取消'),(10605,1185,232524,NULL,NULL,'2020-03-09 01:58:11',NULL,'已下单'),(10606,1176,107312,NULL,NULL,'2020-05-14 03:58:13',NULL,'已发货'),(10607,1147,3983,NULL,NULL,'2019-01-16 06:52:58',NULL,'已下单'),(10608,1145,7105,NULL,NULL,'2019-04-16 18:16:40',NULL,'已下单'),(10609,1117,58861,NULL,NULL,'2019-12-30 00:31:21',NULL,'已完成'),(10610,1150,61470,NULL,NULL,'2019-05-17 14:28:39',NULL,'已发货'),(10611,1153,68805,NULL,NULL,'2020-01-22 17:08:33',NULL,'已取消'),(10612,1150,9706,NULL,NULL,'2019-01-11 17:03:49',NULL,'已发货'),(10613,1115,11562,NULL,NULL,'2019-01-12 07:29:29',NULL,'已下单'),(10614,1157,32770,NULL,NULL,'2019-10-31 13:07:29',NULL,'已完成'),(10615,1174,24942,NULL,NULL,'2019-08-30 01:42:19',NULL,'已发货'),(10616,1185,246256,NULL,NULL,'2019-02-12 20:27:49',NULL,'已取消'),(10617,1128,14745,NULL,NULL,'2019-08-18 20:27:14',NULL,'已下单'),(10618,1193,77658,NULL,NULL,'2019-08-07 20:42:34',NULL,'已发货'),(10619,1125,218491,NULL,NULL,'2019-06-23 02:18:10',NULL,'已发货'),(10620,1145,138519,NULL,NULL,'2020-06-11 11:12:47',NULL,'已下单'),(10621,1138,85428,NULL,NULL,'2019-09-21 19:00:10',NULL,'已取消'),(10622,1158,21166,NULL,NULL,'2019-06-07 15:33:31',NULL,'已发货'),(10623,1106,115087,NULL,NULL,'2019-05-09 12:37:36',NULL,'已完成'),(10624,1151,253300,NULL,NULL,'2019-12-10 10:28:35',NULL,'已发货'),(10625,1127,21315,NULL,NULL,'2019-03-08 06:45:53',NULL,'已完成'),(10626,1124,88655,NULL,NULL,'2019-08-24 13:02:11',NULL,'已发货'),(10627,1139,70462,NULL,NULL,'2020-04-14 08:59:17',NULL,'已下单'),(10628,1195,87698,NULL,NULL,'2019-06-15 01:04:19',NULL,'已下单'),(10629,1109,43023,NULL,NULL,'2020-05-30 01:14:59',NULL,'已发货'),(10630,1170,140120,NULL,NULL,'2020-04-18 00:52:28',NULL,'已发货'),(10631,1140,195415,NULL,NULL,'2020-01-25 04:38:47',NULL,'已下单'),(10632,1198,23972,NULL,NULL,'2020-05-25 01:18:04',NULL,'已下单'),(10633,1119,35882,NULL,NULL,'2020-04-18 06:29:18',NULL,'已取消'),(10634,1192,173640,NULL,NULL,'2019-12-22 16:02:06',NULL,'已完成'),(10635,1126,75060,NULL,NULL,'2019-10-18 20:53:03',NULL,'已完成'),(10636,1129,19446,NULL,NULL,'2020-04-12 15:26:31',NULL,'已下单'),(10637,1167,62385,NULL,NULL,'2019-12-06 12:10:39',NULL,'已取消'),(10638,1120,97396,NULL,NULL,'2019-09-08 03:51:39',NULL,'已发货'),(10639,1129,231591,NULL,NULL,'2019-07-30 03:14:00',NULL,'已完成'),(10640,1155,8240,NULL,NULL,'2019-07-08 06:24:05',NULL,'已取消'),(10641,1141,21324,NULL,NULL,'2019-02-11 10:11:31',NULL,'已下单'),(10642,1163,104804,NULL,NULL,'2019-02-09 16:50:21',NULL,'已完成'),(10643,1172,115544,NULL,NULL,'2019-06-21 01:58:05',NULL,'已取消'),(10644,1160,27568,NULL,NULL,'2019-12-08 01:33:26',NULL,'已取消'),(10645,1107,32600,NULL,NULL,'2020-02-25 19:30:23',NULL,'已取消'),(10646,1197,32670,NULL,NULL,'2019-09-15 23:08:14',NULL,'已下单'),(10647,1187,30520,NULL,NULL,'2020-03-07 07:45:43',NULL,'已发货'),(10648,1159,29914,NULL,NULL,'2019-11-27 21:22:42',NULL,'已下单'),(10649,1186,164840,NULL,NULL,'2020-01-30 13:05:24',NULL,'已取消'),(10650,1109,173980,NULL,NULL,'2019-12-18 11:01:21',NULL,'已取消'),(10651,1180,138580,NULL,NULL,'2019-01-21 21:09:37',NULL,'已取消'),(10652,1123,84828,NULL,NULL,'2020-05-31 14:00:38',NULL,'已发货'),(10653,1113,47250,NULL,NULL,'2019-05-23 11:17:00',NULL,'已下单'),(10654,1133,138096,NULL,NULL,'2019-05-13 18:06:01',NULL,'已发货'),(10655,1190,88812,NULL,NULL,'2019-01-06 16:38:54',NULL,'已发货'),(10656,1146,31108,NULL,NULL,'2020-01-10 09:42:01',NULL,'已取消'),(10657,1184,32318,NULL,NULL,'2019-12-17 01:32:54',NULL,'已取消'),(10658,1197,26589,NULL,NULL,'2019-06-07 19:44:58',NULL,'已发货'),(10659,1130,35602,NULL,NULL,'2020-04-09 23:54:12',NULL,'已下单'),(10660,1181,59969,NULL,NULL,'2019-09-19 03:43:36',NULL,'已下单'),(10661,1132,49470,NULL,NULL,'2019-01-23 08:43:33',NULL,'已完成'),(10662,1165,14385,NULL,NULL,'2020-03-10 02:40:44',NULL,'已取消'),(10663,1153,154605,NULL,NULL,'2019-08-14 20:55:18',NULL,'已完成'),(10664,1170,156768,NULL,NULL,'2020-04-07 15:59:06',NULL,'已取消'),(10665,1198,209712,NULL,NULL,'2019-03-12 14:45:25',NULL,'已下单'),(10666,1127,103960,NULL,NULL,'2020-06-12 18:06:36',NULL,'已发货'),(10667,1150,62832,NULL,NULL,'2019-05-12 23:52:40',NULL,'已发货'),(10668,1161,107419,NULL,NULL,'2019-07-29 10:46:55',NULL,'已下单'),(10669,1189,19312,NULL,NULL,'2019-06-20 04:05:28',NULL,'已取消'),(10670,1158,20010,NULL,NULL,'2019-07-21 12:50:51',NULL,'已完成'),(10671,1107,149840,NULL,NULL,'2019-08-27 16:10:55',NULL,'已取消'),(10672,1172,151596,NULL,NULL,'2019-09-29 20:16:54',NULL,'已取消'),(10673,1190,315951,NULL,NULL,'2020-01-02 18:10:19',NULL,'已完成'),(10674,1186,142408,NULL,NULL,'2020-05-19 02:39:44',NULL,'已取消'),(10675,1183,123541,NULL,NULL,'2019-01-31 20:29:16',NULL,'已发货'),(10676,1131,117857,NULL,NULL,'2019-06-24 20:50:58',NULL,'已取消'),(10677,1148,141732,NULL,NULL,'2019-02-01 04:35:58',NULL,'已完成'),(10678,1108,16480,NULL,NULL,'2020-05-09 03:22:41',NULL,'已完成'),(10679,1135,109954,NULL,NULL,'2019-03-24 07:11:40',NULL,'已发货'),(10680,1115,3790,NULL,NULL,'2019-06-18 23:18:31',NULL,'已完成'),(10681,1189,202770,NULL,NULL,'2019-03-23 11:00:50',NULL,'已下单'),(10682,1136,58056,NULL,NULL,'2020-02-22 11:57:33',NULL,'已完成'),(10683,1117,44198,NULL,NULL,'2020-05-17 16:49:58',NULL,'已完成'),(10684,1147,84576,NULL,NULL,'2020-04-24 21:39:55',NULL,'已下单'),(10685,1107,14139,NULL,NULL,'2019-07-15 23:38:14',NULL,'已取消'),(10686,1185,9236,NULL,NULL,'2020-03-11 01:38:35',NULL,'已取消'),(10687,1150,22939,NULL,NULL,'2019-04-13 06:28:25',NULL,'已取消'),(10688,1139,56220,NULL,NULL,'2019-08-08 07:20:33',NULL,'已发货'),(10689,1106,115141,NULL,NULL,'2019-08-15 03:56:27',NULL,'已发货'),(10690,1100,128700,NULL,NULL,'2019-09-11 03:48:58',NULL,'已下单'),(10691,1175,43830,NULL,NULL,'2019-10-12 05:36:53',NULL,'已下单'),(10692,1157,56304,NULL,NULL,'2020-01-14 01:18:12',NULL,'已发货'),(10693,1125,99240,NULL,NULL,'2019-03-23 14:46:58',NULL,'已取消'),(10694,1134,33656,NULL,NULL,'2019-07-26 20:38:17',NULL,'已发货'),(10695,1127,296802,NULL,NULL,'2019-12-12 22:41:29',NULL,'已下单'),(10696,1101,98277,NULL,NULL,'2019-01-13 09:10:21',NULL,'已发货'),(10697,1100,289152,NULL,NULL,'2019-12-25 11:58:56',NULL,'已发货'),(10698,1189,5865,NULL,NULL,'2019-02-12 23:42:46',NULL,'已下单'),(10699,1100,133032,NULL,NULL,'2019-05-04 15:07:46',NULL,'已取消'),(10700,1142,6362,NULL,NULL,'2019-04-15 14:54:26',NULL,'已发货'),(10701,1132,83124,NULL,NULL,'2020-05-16 14:03:28',NULL,'已取消'),(10702,1199,106216,NULL,NULL,'2020-02-29 00:59:21',NULL,'已发货'),(10703,1166,31280,NULL,NULL,'2019-08-27 02:34:16',NULL,'已完成'),(10704,1175,36060,NULL,NULL,'2020-04-03 14:14:34',NULL,'已发货'),(10705,1112,32600,NULL,NULL,'2019-01-12 16:06:13',NULL,'已下单'),(10706,1126,96885,NULL,NULL,'2020-04-13 15:37:31',NULL,'已完成'),(10707,1122,139456,NULL,NULL,'2020-02-29 13:47:49',NULL,'已取消'),(10708,1170,21860,NULL,NULL,'2019-03-05 12:08:28',NULL,'已发货'),(10709,1155,218491,NULL,NULL,'2019-07-20 02:19:01',NULL,'已下单'),(10710,1145,171162,NULL,NULL,'2020-01-08 09:32:25',NULL,'已下单'),(10711,1165,245531,NULL,NULL,'2019-09-03 04:39:42',NULL,'已发货'),(10712,1161,61215,NULL,NULL,'2019-10-23 05:17:36',NULL,'已取消'),(10713,1138,23296,NULL,NULL,'2020-05-22 13:10:30',NULL,'已下单'),(10714,1173,6300,NULL,NULL,'2019-12-08 05:04:57',NULL,'已发货'),(10715,1149,129033,NULL,NULL,'2019-10-18 21:32:50',NULL,'已完成'),(10716,1170,168492,NULL,NULL,'2020-01-16 04:32:44',NULL,'已取消'),(10717,1179,131397,NULL,NULL,'2020-01-22 02:44:16',NULL,'已完成'),(10718,1186,12507,NULL,NULL,'2019-07-23 06:25:52',NULL,'已发货'),(10719,1140,143865,NULL,NULL,'2020-01-15 00:16:38',NULL,'已发货'),(10720,1151,72672,NULL,NULL,'2019-10-30 13:11:23',NULL,'已发货'),(10721,1161,33817,NULL,NULL,'2019-11-20 11:58:37',NULL,'已完成'),(10722,1169,111706,NULL,NULL,'2019-05-11 06:37:30',NULL,'已发货'),(10723,1100,171855,NULL,NULL,'2019-08-11 15:20:00',NULL,'已发货'),(10724,1183,22624,NULL,NULL,'2020-04-03 23:43:10',NULL,'已下单'),(10725,1142,266475,NULL,NULL,'2020-04-07 08:52:17',NULL,'已完成'),(10726,1103,114930,NULL,NULL,'2019-11-29 15:50:05',NULL,'已发货'),(10727,1118,40152,NULL,NULL,'2020-03-02 21:52:00',NULL,'已下单'),(10728,1126,8948,NULL,NULL,'2019-02-04 10:33:45',NULL,'已下单'),(10729,1183,11018,NULL,NULL,'2020-01-06 06:14:56',NULL,'已发货'),(10730,1150,54984,NULL,NULL,'2019-01-16 14:14:23',NULL,'已下单'),(10731,1140,24588,NULL,NULL,'2020-05-08 12:05:52',NULL,'已下单'),(10732,1106,29727,NULL,NULL,'2019-07-03 21:56:06',NULL,'已下单'),(10733,1131,132076,NULL,NULL,'2020-03-09 21:24:01',NULL,'已取消'),(10734,1147,40560,NULL,NULL,'2019-01-30 06:15:41',NULL,'已下单'),(10735,1162,6982,NULL,NULL,'2019-11-23 05:20:49',NULL,'已完成'),(10736,1169,24084,NULL,NULL,'2019-12-21 00:06:36',NULL,'已完成'),(10737,1120,25816,NULL,NULL,'2020-03-18 19:07:10',NULL,'已下单'),(10738,1124,54918,NULL,NULL,'2019-12-13 08:19:19',NULL,'已下单'),(10739,1167,314960,NULL,NULL,'2020-02-16 18:38:22',NULL,'已发货'),(10740,1190,59836,NULL,NULL,'2019-11-24 05:59:43',NULL,'已下单'),(10741,1192,278027,NULL,NULL,'2019-11-18 17:22:44',NULL,'已发货'),(10742,1129,178070,NULL,NULL,'2019-06-13 08:07:09',NULL,'已发货'),(10743,1136,69240,NULL,NULL,'2019-05-10 09:03:25',NULL,'已发货'),(10744,1148,98158,NULL,NULL,'2019-06-18 18:15:36',NULL,'已完成'),(10745,1170,29770,NULL,NULL,'2019-06-08 08:22:20',NULL,'已发货'),(10746,1190,283020,NULL,NULL,'2020-05-04 04:58:38',NULL,'已下单'),(10747,1109,2028,NULL,NULL,'2020-05-03 20:27:36',NULL,'已下单'),(10748,1168,26928,NULL,NULL,'2020-03-15 00:56:39',NULL,'已发货'),(10749,1114,251968,NULL,NULL,'2019-03-01 10:10:46',NULL,'已取消'),(10750,1139,17134,NULL,NULL,'2019-01-27 12:35:37',NULL,'已发货'),(10751,1137,82795,NULL,NULL,'2019-02-20 05:51:16',NULL,'已下单'),(10752,1114,140931,NULL,NULL,'2019-04-20 13:31:49',NULL,'已完成'),(10753,1117,118800,NULL,NULL,'2019-12-19 14:19:09',NULL,'已下单'),(10754,1166,12286,NULL,NULL,'2019-01-01 22:37:01',NULL,'已完成'),(10755,1131,24084,NULL,NULL,'2019-04-22 15:01:47',NULL,'已完成'),(10756,1177,118544,NULL,NULL,'2020-05-07 04:33:40',NULL,'已下单'),(10757,1172,120032,NULL,NULL,'2020-03-20 11:33:14',NULL,'已取消'),(10758,1133,81405,NULL,NULL,'2019-03-15 18:17:57',NULL,'已发货'),(10759,1150,288116,NULL,NULL,'2019-02-24 12:24:08',NULL,'已完成'),(10760,1192,24336,NULL,NULL,'2020-01-01 23:38:54',NULL,'已取消'),(10761,1191,118218,NULL,NULL,'2019-10-31 16:33:47',NULL,'已下单'),(10762,1170,16011,NULL,NULL,'2019-11-10 08:24:22',NULL,'已下单'),(10763,1167,10892,NULL,NULL,'2019-10-10 12:09:10',NULL,'已取消'),(10764,1199,360560,NULL,NULL,'2019-10-24 10:33:02',NULL,'已完成'),(10765,1196,97790,NULL,NULL,'2019-03-15 21:48:01',NULL,'已发货'),(10766,1164,76802,NULL,NULL,'2019-09-11 15:19:28',NULL,'已取消'),(10767,1155,43776,NULL,NULL,'2020-03-29 00:03:49',NULL,'已取消'),(10768,1192,145274,NULL,NULL,'2019-10-18 19:50:48',NULL,'已取消'),(10769,1125,68208,NULL,NULL,'2019-06-01 19:47:42',NULL,'已下单'),(10770,1100,56295,NULL,NULL,'2020-02-12 22:16:03',NULL,'已取消'),(10771,1159,4020,NULL,NULL,'2019-12-04 07:06:53',NULL,'已取消'),(10772,1192,92384,NULL,NULL,'2020-03-27 04:27:45',NULL,'已取消'),(10773,1101,66384,NULL,NULL,'2019-04-25 11:02:34',NULL,'已完成'),(10774,1180,348786,NULL,NULL,'2020-03-04 02:44:32',NULL,'已完成'),(10775,1174,18063,NULL,NULL,'2020-02-22 02:55:50',NULL,'已取消'),(10776,1133,21936,NULL,NULL,'2019-02-19 22:38:02',NULL,'已发货'),(10777,1101,59020,NULL,NULL,'2019-12-11 15:51:41',NULL,'已发货'),(10778,1103,53856,NULL,NULL,'2019-01-17 02:05:17',NULL,'已取消'),(10779,1184,267700,NULL,NULL,'2019-06-27 23:21:09',NULL,'已下单'),(10780,1183,171340,NULL,NULL,'2020-04-18 00:01:15',NULL,'已发货'),(10781,1184,144660,NULL,NULL,'2019-01-18 06:54:49',NULL,'已发货'),(10782,1148,53118,NULL,NULL,'2019-01-26 14:07:08',NULL,'已下单'),(10783,1183,179508,NULL,NULL,'2020-03-13 11:21:16',NULL,'已发货'),(10784,1121,23280,NULL,NULL,'2020-03-17 23:23:28',NULL,'已发货'),(10785,1175,4096,NULL,NULL,'2020-03-26 13:33:21',NULL,'已完成'),(10786,1181,32528,NULL,NULL,'2020-06-04 22:14:14',NULL,'已发货'),(10787,1198,85709,NULL,NULL,'2019-02-14 01:58:42',NULL,'已发货'),(10788,1152,103835,NULL,NULL,'2019-05-23 10:56:33',NULL,'已下单'),(10789,1194,73888,NULL,NULL,'2019-03-31 04:13:41',NULL,'已下单'),(10790,1152,79893,NULL,NULL,'2020-05-28 16:57:09',NULL,'已发货'),(10791,1197,90120,NULL,NULL,'2019-10-31 01:30:13',NULL,'已完成'),(10792,1152,228240,NULL,NULL,'2019-03-01 23:53:10',NULL,'已取消'),(10793,1130,22458,NULL,NULL,'2019-03-22 04:14:37',NULL,'已下单'),(10794,1158,114352,NULL,NULL,'2019-06-26 19:35:55',NULL,'已发货'),(10795,1122,147883,NULL,NULL,'2019-10-06 09:00:15',NULL,'已下单'),(10796,1191,47166,NULL,NULL,'2020-05-01 02:30:07',NULL,'已完成'),(10797,1138,42030,NULL,NULL,'2019-11-15 17:50:11',NULL,'已下单'),(10798,1126,90000,NULL,NULL,'2020-06-11 23:10:34',NULL,'已发货'),(10799,1189,139884,NULL,NULL,'2020-01-17 05:10:00',NULL,'已下单'),(10800,1154,88979,NULL,NULL,'2019-08-08 03:02:04',NULL,'已发货'),(10801,1158,50724,NULL,NULL,'2019-05-19 12:35:25',NULL,'已发货'),(10802,1157,4207,NULL,NULL,'2020-01-20 14:41:19',NULL,'已完成'),(10803,1154,324504,NULL,NULL,'2019-05-29 23:50:50',NULL,'已下单'),(10804,1138,102160,NULL,NULL,'2019-10-02 07:00:00',NULL,'已取消'),(10805,1179,78728,NULL,NULL,'2020-03-19 19:50:04',NULL,'已完成'),(10806,1153,32210,NULL,NULL,'2019-12-27 01:07:31',NULL,'已取消'),(10807,1104,20644,NULL,NULL,'2019-07-16 19:46:37',NULL,'已下单'),(10808,1173,53510,NULL,NULL,'2020-02-11 23:12:28',NULL,'已取消'),(10809,1108,98860,NULL,NULL,'2019-08-08 17:54:01',NULL,'已完成'),(10810,1187,93825,NULL,NULL,'2019-04-12 10:48:23',NULL,'已取消'),(10811,1171,15436,NULL,NULL,'2020-02-20 13:58:00',NULL,'已发货'),(10812,1151,280500,NULL,NULL,'2019-04-12 17:40:09',NULL,'已取消'),(10813,1155,91845,NULL,NULL,'2020-05-13 08:45:52',NULL,'已取消'),(10814,1134,108920,NULL,NULL,'2019-08-31 22:08:19',NULL,'已取消'),(10815,1177,192020,NULL,NULL,'2019-09-30 16:29:43',NULL,'已发货'),(10816,1134,53448,NULL,NULL,'2019-12-09 15:30:23',NULL,'已取消'),(10817,1117,98158,NULL,NULL,'2019-02-25 08:11:01',NULL,'已完成'),(10818,1174,83205,NULL,NULL,'2019-11-21 04:10:37',NULL,'已完成'),(10819,1113,83205,NULL,NULL,'2020-04-22 21:35:56',NULL,'已完成'),(10820,1151,7376,NULL,NULL,'2019-10-24 19:24:05',NULL,'已取消'),(10821,1187,5425,NULL,NULL,'2020-03-02 22:53:18',NULL,'已完成'),(10822,1100,42732,NULL,NULL,'2020-05-26 16:17:08',NULL,'已下单'),(10823,1166,164763,NULL,NULL,'2019-09-28 23:28:51',NULL,'已完成'),(10824,1144,72428,NULL,NULL,'2019-10-02 02:43:43',NULL,'已发货'),(10825,1121,19176,NULL,NULL,'2019-11-28 09:06:00',NULL,'已下单'),(10826,1178,11860,NULL,NULL,'2020-02-20 22:19:18',NULL,'已发货'),(10827,1158,107292,NULL,NULL,'2020-01-03 09:29:27',NULL,'已下单'),(10828,1132,50724,NULL,NULL,'2019-11-23 05:27:56',NULL,'已完成'),(10829,1156,51966,NULL,NULL,'2019-08-08 07:12:00',NULL,'已完成'),(10830,1106,13414,NULL,NULL,'2019-09-26 13:36:19',NULL,'已取消'),(10831,1136,94350,NULL,NULL,'2019-12-15 04:16:28',NULL,'已发货'),(10832,1130,31716,NULL,NULL,'2019-03-17 20:21:01',NULL,'已完成'),(10833,1149,57390,NULL,NULL,'2020-03-22 04:24:41',NULL,'已下单'),(10834,1194,46368,NULL,NULL,'2019-12-08 20:55:53',NULL,'已完成'),(10835,1142,28132,NULL,NULL,'2020-06-15 02:24:04',NULL,'已发货'),(10836,1187,23448,NULL,NULL,'2019-02-01 03:32:38',NULL,'已取消'),(10837,1184,15594,NULL,NULL,'2019-11-13 13:02:24',NULL,'已完成'),(10838,1194,16392,NULL,NULL,'2020-03-14 10:06:09',NULL,'已下单'),(10839,1185,86968,NULL,NULL,'2019-05-05 17:11:10',NULL,'已完成'),(10840,1166,13620,NULL,NULL,'2019-02-28 04:32:17',NULL,'已发货'),(10841,1121,26604,NULL,NULL,'2019-04-26 16:34:03',NULL,'已下单'),(10842,1114,35256,NULL,NULL,'2019-03-18 16:36:23',NULL,'已发货'),(10843,1186,12593,NULL,NULL,'2020-02-18 19:36:57',NULL,'已完成'),(10844,1197,54691,NULL,NULL,'2019-03-20 06:37:23',NULL,'已下单'),(10845,1113,8686,NULL,NULL,'2019-09-26 23:29:59',NULL,'已下单'),(10846,1159,124560,NULL,NULL,'2019-01-07 00:06:11',NULL,'已发货'),(10847,1137,115938,NULL,NULL,'2019-04-24 16:14:44',NULL,'已下单'),(10848,1155,176704,NULL,NULL,'2020-02-19 10:43:03',NULL,'已完成'),(10849,1124,61064,NULL,NULL,'2019-06-27 16:47:01',NULL,'已发货'),(10850,1143,33390,NULL,NULL,'2019-08-21 12:29:20',NULL,'已取消'),(10851,1112,236784,NULL,NULL,'2019-05-22 00:30:16',NULL,'已完成'),(10852,1105,66717,NULL,NULL,'2019-05-27 06:17:21',NULL,'已发货'),(10853,1174,65550,NULL,NULL,'2020-04-26 05:21:38',NULL,'已下单'),(10854,1144,77904,NULL,NULL,'2020-04-17 12:16:23',NULL,'已下单'),(10855,1130,27750,NULL,NULL,'2019-08-23 13:58:05',NULL,'已下单'),(10856,1149,124056,NULL,NULL,'2020-06-18 11:00:57',NULL,'已取消'),(10857,1110,39640,NULL,NULL,'2019-07-19 09:04:33',NULL,'已发货'),(10858,1186,67207,NULL,NULL,'2019-01-12 01:07:47',NULL,'已下单'),(10859,1121,36432,NULL,NULL,'2019-01-01 18:23:17',NULL,'已取消'),(10860,1153,62235,NULL,NULL,'2019-03-02 07:28:19',NULL,'已发货'),(10861,1101,63320,NULL,NULL,'2020-04-06 15:10:06',NULL,'已取消'),(10862,1118,82885,NULL,NULL,'2019-04-08 04:56:28',NULL,'已下单'),(10863,1176,142700,NULL,NULL,'2019-07-11 05:23:53',NULL,'已下单'),(10864,1171,90160,NULL,NULL,'2019-04-11 04:48:11',NULL,'已下单'),(10865,1174,71313,NULL,NULL,'2019-06-10 05:48:33',NULL,'已取消'),(10866,1174,79504,NULL,NULL,'2019-11-26 05:31:01',NULL,'已取消'),(10867,1109,75495,NULL,NULL,'2019-03-22 13:28:00',NULL,'已取消'),(10868,1143,129987,NULL,NULL,'2020-03-17 22:02:32',NULL,'已完成'),(10869,1163,21135,NULL,NULL,'2020-01-01 07:19:03',NULL,'已完成'),(10870,1111,40740,NULL,NULL,'2019-04-20 06:13:34',NULL,'已完成'),(10871,1143,115092,NULL,NULL,'2019-12-28 04:28:29',NULL,'已发货'),(10872,1143,17055,NULL,NULL,'2019-08-29 13:24:29',NULL,'已取消'),(10873,1119,51416,NULL,NULL,'2019-02-26 14:09:26',NULL,'已下单'),(10874,1164,83844,NULL,NULL,'2020-02-21 17:27:43',NULL,'已取消'),(10875,1153,98028,NULL,NULL,'2019-11-18 20:10:45',NULL,'已完成'),(10876,1175,19789,NULL,NULL,'2019-08-15 05:19:03',NULL,'已下单'),(10877,1199,40476,NULL,NULL,'2019-02-24 04:14:29',NULL,'已完成'),(10878,1176,39452,NULL,NULL,'2019-09-12 07:48:45',NULL,'已发货'),(10879,1154,342532,NULL,NULL,'2019-02-01 04:06:32',NULL,'已下单'),(10880,1100,107996,NULL,NULL,'2019-09-06 16:39:15',NULL,'已发货'),(10881,1148,20795,NULL,NULL,'2020-06-17 07:15:41',NULL,'已发货'),(10882,1179,245531,NULL,NULL,'2019-08-09 06:52:59',NULL,'已完成'),(10883,1176,50640,NULL,NULL,'2019-10-07 11:16:21',NULL,'已下单'),(10884,1193,14496,NULL,NULL,'2020-05-26 07:01:10',NULL,'已完成'),(10885,1109,151601,NULL,NULL,'2020-04-03 15:35:13',NULL,'已下单'),(10886,1135,69592,NULL,NULL,'2019-03-25 17:20:18',NULL,'已完成'),(10887,1120,16779,NULL,NULL,'2019-08-18 09:53:00',NULL,'已发货'),(10888,1157,150336,NULL,NULL,'2019-09-01 04:29:53',NULL,'已发货'),(10889,1110,138580,NULL,NULL,'2020-04-11 23:00:12',NULL,'已发货'),(10890,1112,19220,NULL,NULL,'2020-05-09 05:42:30',NULL,'已下单'),(10891,1142,32790,NULL,NULL,'2020-02-26 13:55:27',NULL,'已取消'),(10892,1136,3335,NULL,NULL,'2020-02-17 18:41:40',NULL,'已下单'),(10893,1168,26316,NULL,NULL,'2020-06-25 15:57:35',NULL,'已取消'),(10894,1108,68115,NULL,NULL,'2019-12-02 12:03:07',NULL,'已下单'),(10895,1103,43614,NULL,NULL,'2019-05-02 03:54:10',NULL,'已取消'),(10896,1132,13408,NULL,NULL,'2019-01-18 05:17:32',NULL,'已下单'),(10897,1108,28588,NULL,NULL,'2020-06-21 14:07:59',NULL,'已取消'),(10898,1185,17640,NULL,NULL,'2020-05-19 15:28:39',NULL,'已下单'),(10899,1163,9220,NULL,NULL,'2019-10-18 23:04:05',NULL,'已下单'),(10900,1123,349011,NULL,NULL,'2020-05-27 07:58:19',NULL,'已完成'),(10901,1141,55822,NULL,NULL,'2019-10-27 13:40:57',NULL,'已下单'),(10902,1171,16786,NULL,NULL,'2019-04-03 11:46:36',NULL,'已取消'),(10903,1195,31252,NULL,NULL,'2019-08-31 12:06:37',NULL,'已发货'),(10904,1111,21018,NULL,NULL,'2019-05-16 21:55:54',NULL,'已下单'),(10905,1157,46734,NULL,NULL,'2020-01-15 18:07:52',NULL,'已发货'),(10906,1176,9045,NULL,NULL,'2020-02-24 08:37:21',NULL,'已取消'),(10907,1100,10674,NULL,NULL,'2020-06-29 19:24:07',NULL,'已取消'),(10908,1115,8485,NULL,NULL,'2019-04-27 22:28:10',NULL,'已发货'),(10909,1136,186180,NULL,NULL,'2020-01-23 06:40:16',NULL,'已取消'),(10910,1138,20256,NULL,NULL,'2019-08-13 18:14:11',NULL,'已发货'),(10911,1125,14864,NULL,NULL,'2019-03-29 04:52:48',NULL,'已发货'),(10912,1119,46908,NULL,NULL,'2020-06-28 18:00:41',NULL,'已取消'),(10913,1184,39815,NULL,NULL,'2019-02-26 06:07:59',NULL,'已完成'),(10914,1186,2680,NULL,NULL,'2019-03-18 22:36:40',NULL,'已完成'),(10915,1164,37460,NULL,NULL,'2020-06-06 09:30:42',NULL,'已发货'),(10916,1124,93570,NULL,NULL,'2019-02-27 17:03:33',NULL,'已取消'),(10917,1190,43662,NULL,NULL,'2019-10-07 08:05:40',NULL,'已取消'),(10918,1179,95528,NULL,NULL,'2019-12-07 15:57:24',NULL,'已完成'),(10919,1199,121077,NULL,NULL,'2019-09-26 22:49:49',NULL,'已取消'),(10920,1184,126996,NULL,NULL,'2020-02-25 13:59:00',NULL,'已完成'),(10921,1166,6912,NULL,NULL,'2020-02-07 17:58:52',NULL,'已取消'),(10922,1112,142940,NULL,NULL,'2019-03-18 22:26:37',NULL,'已下单'),(10923,1126,17052,NULL,NULL,'2019-07-13 09:30:59',NULL,'已取消'),(10924,1169,78617,NULL,NULL,'2019-08-22 16:19:57',NULL,'已完成'),(10925,1109,84828,NULL,NULL,'2019-10-22 13:28:23',NULL,'已下单'),(10926,1145,62120,NULL,NULL,'2019-12-14 23:45:10',NULL,'已下单'),(10927,1162,57760,NULL,NULL,'2019-03-22 10:00:28',NULL,'已取消'),(10928,1156,4592,NULL,NULL,'2019-01-12 19:13:04',NULL,'已下单'),(10929,1138,70902,NULL,NULL,'2019-01-29 01:17:53',NULL,'已取消'),(10930,1171,115088,NULL,NULL,'2019-01-17 16:29:21',NULL,'已取消'),(10931,1190,11004,NULL,NULL,'2020-02-20 23:32:58',NULL,'已完成'),(10932,1148,269888,NULL,NULL,'2019-07-19 19:11:09',NULL,'已取消'),(10933,1128,55836,NULL,NULL,'2020-05-27 02:39:26',NULL,'已下单'),(10934,1152,62076,NULL,NULL,'2019-09-23 17:01:20',NULL,'已取消'),(10935,1163,58296,NULL,NULL,'2019-10-16 21:41:57',NULL,'已发货'),(10936,1167,58188,NULL,NULL,'2019-10-12 16:47:09',NULL,'已完成'),(10937,1197,79299,NULL,NULL,'2020-05-05 14:00:18',NULL,'已完成'),(10938,1181,77248,NULL,NULL,'2019-07-23 15:54:26',NULL,'已下单'),(10939,1180,29449,NULL,NULL,'2020-01-30 05:32:33',NULL,'已取消'),(10940,1138,68730,NULL,NULL,'2019-11-09 22:28:49',NULL,'已下单'),(10941,1184,55506,NULL,NULL,'2019-11-24 16:21:28',NULL,'已发货'),(10942,1154,118845,NULL,NULL,'2019-09-13 03:28:51',NULL,'已完成'),(10943,1151,47619,NULL,NULL,'2019-07-21 14:56:12',NULL,'已完成'),(10944,1134,164549,NULL,NULL,'2019-07-25 17:43:19',NULL,'已取消'),(10945,1143,347833,NULL,NULL,'2019-03-28 13:33:43',NULL,'已下单'),(10946,1117,122281,NULL,NULL,'2019-08-02 00:40:40',NULL,'已发货'),(10947,1121,43725,NULL,NULL,'2019-02-13 17:55:32',NULL,'已完成'),(10948,1196,102232,NULL,NULL,'2019-07-17 15:44:56',NULL,'已下单'),(10949,1146,56151,NULL,NULL,'2019-01-17 18:12:48',NULL,'已完成'),(10950,1108,18950,NULL,NULL,'2019-01-07 01:21:04',NULL,'已完成'),(10951,1170,110432,NULL,NULL,'2019-03-02 14:00:29',NULL,'已完成'),(10952,1117,24075,NULL,NULL,'2019-04-11 05:21:13',NULL,'已取消'),(10953,1157,30920,NULL,NULL,'2019-09-16 01:34:50',NULL,'已下单'),(10954,1156,124124,NULL,NULL,'2020-03-10 21:59:33',NULL,'已发货'),(10955,1167,12507,NULL,NULL,'2020-05-29 18:44:08',NULL,'已下单'),(10956,1198,9475,NULL,NULL,'2019-06-28 20:24:02',NULL,'已发货'),(10957,1119,79673,NULL,NULL,'2019-02-26 09:43:04',NULL,'已下单'),(10958,1198,95040,NULL,NULL,'2020-05-10 04:00:13',NULL,'已发货'),(10959,1191,79767,NULL,NULL,'2019-08-15 06:12:51',NULL,'已发货'),(10960,1188,20172,NULL,NULL,'2019-12-22 10:57:25',NULL,'已下单'),(10961,1140,4625,NULL,NULL,'2019-08-16 18:28:28',NULL,'已取消'),(10962,1195,33831,NULL,NULL,'2019-07-08 12:04:13',NULL,'已完成'),(10963,1177,257166,NULL,NULL,'2019-12-08 09:09:10',NULL,'已发货'),(10964,1133,86316,NULL,NULL,'2020-03-05 09:09:03',NULL,'已下单'),(10965,1100,20610,NULL,NULL,'2020-02-05 09:57:29',NULL,'已下单'),(10966,1144,18126,NULL,NULL,'2019-02-28 14:10:01',NULL,'已下单'),(10967,1142,57950,NULL,NULL,'2019-07-13 09:52:48',NULL,'已取消'),(10968,1130,64144,NULL,NULL,'2020-03-12 06:02:55',NULL,'已发货'),(10969,1127,164958,NULL,NULL,'2020-01-23 20:51:08',NULL,'已下单'),(10970,1186,9638,NULL,NULL,'2019-05-29 16:46:45',NULL,'已发货'),(10971,1174,53295,NULL,NULL,'2020-06-09 10:44:19',NULL,'已完成'),(10972,1195,1850,NULL,NULL,'2019-06-13 16:37:42',NULL,'已完成'),(10973,1118,242700,NULL,NULL,'2019-12-15 07:26:18',NULL,'已取消'),(10974,1134,72845,NULL,NULL,'2019-07-12 14:55:29',NULL,'已下单'),(10975,1126,124236,NULL,NULL,'2019-09-20 20:47:50',NULL,'已发货'),(10976,1105,114010,NULL,NULL,'2020-05-15 12:32:48',NULL,'已完成'),(10977,1193,8570,NULL,NULL,'2019-10-29 14:33:08',NULL,'已完成'),(10978,1145,50190,NULL,NULL,'2020-02-02 00:41:41',NULL,'已发货'),(10979,1173,126594,NULL,NULL,'2019-03-28 01:47:59',NULL,'已下单'),(10980,1138,48909,NULL,NULL,'2019-01-14 15:29:14',NULL,'已发货'),(10981,1136,255960,NULL,NULL,'2020-01-16 05:02:55',NULL,'已完成'),(10982,1174,14454,NULL,NULL,'2019-10-29 15:37:43',NULL,'已发货'),(10983,1106,163072,NULL,NULL,'2020-06-18 05:17:20',NULL,'已下单'),(10984,1125,79933,NULL,NULL,'2020-06-21 23:47:06',NULL,'已完成'),(10985,1113,41670,NULL,NULL,'2020-05-11 00:32:33',NULL,'已取消'),(10986,1125,19545,NULL,NULL,'2020-06-08 19:37:10',NULL,'已发货'),(10987,1179,10440,NULL,NULL,'2020-01-12 05:27:02',NULL,'已取消'),(10988,1168,32243,NULL,NULL,'2020-06-13 07:44:34',NULL,'已取消'),(10989,1135,54650,NULL,NULL,'2019-02-19 04:56:57',NULL,'已下单'),(10990,1109,306603,NULL,NULL,'2020-01-13 03:58:26',NULL,'已发货'),(10991,1188,143056,NULL,NULL,'2019-07-10 10:51:14',NULL,'已取消'),(10992,1145,51152,NULL,NULL,'2019-06-27 09:31:25',NULL,'已完成'),(10993,1103,71705,NULL,NULL,'2019-04-02 15:19:10',NULL,'已取消'),(10994,1125,58861,NULL,NULL,'2019-11-04 12:39:02',NULL,'已下单'),(10995,1120,142700,NULL,NULL,'2020-03-16 01:29:41',NULL,'已下单'),(10996,1107,69462,NULL,NULL,'2020-06-06 06:27:15',NULL,'已取消'),(10997,1179,73460,NULL,NULL,'2020-01-04 18:09:01',NULL,'已完成'),(10998,1190,38892,NULL,NULL,'2020-02-02 06:55:31',NULL,'已发货'),(10999,1106,329526,NULL,NULL,'2019-10-26 17:02:28',NULL,'已完成');
/*!40000 ALTER TABLE `order_all` ENABLE KEYS */;
UNLOCK TABLES;

--
-- Table structure for table `order_record`
--

DROP TABLE IF EXISTS `order_record`;
/*!40101 SET @saved_cs_client     = @@character_set_client */;
/*!50503 SET character_set_client = utf8mb4 */;
CREATE TABLE `order_record` (
  `idORDER_RECORD` int NOT NULL,
  `price` varchar(45) DEFAULT NULL,
  `num` int NOT NULL,
  `ORDER_ALL_idORDER_ALL` int NOT NULL,
  `COMMODITY_idCOMMODITY` int NOT NULL,
  PRIMARY KEY (`idORDER_RECORD`),
  KEY `fk_ORDER_RECORD_ORDER_ALL1_idx` (`ORDER_ALL_idORDER_ALL`),
  KEY `fk_ORDER_RECORD_COMMODITY_idx` (`COMMODITY_idCOMMODITY`),
  CONSTRAINT `fk_ORDER_RECORD_COMMODITY` FOREIGN KEY (`COMMODITY_idCOMMODITY`) REFERENCES `commodity` (`idCOMMODITY`),
  CONSTRAINT `fk_ORDER_RECORD_ORDER_ALL1` FOREIGN KEY (`ORDER_ALL_idORDER_ALL`) REFERENCES `order_all` (`idORDER_ALL`)
) ENGINE=InnoDB DEFAULT CHARSET=utf8;
/*!40101 SET character_set_client = @saved_cs_client */;

--
-- Dumping data for table `order_record`
--

LOCK TABLES `order_record` WRITE;
/*!40000 ALTER TABLE `order_record` DISABLE KEYS */;
INSERT INTO `order_record` VALUES (100000,'4251',6,10000,10008),(100001,'6985',8,10001,10080),(100002,'3241',7,10002,10236),(100003,'3826',10,10003,10385),(100004,'6972',7,10004,10358),(100005,'9379',2,10005,10323),(100006,'16409',10,10006,10125),(100007,'8699',6,10007,10033),(100008,'1507',1,10008,10212),(100009,'4819',2,10009,10041),(100010,'1137',9,10010,10347),(100011,'2164',7,10011,10249),(100012,'2614',1,10012,10226),(100013,'16899',6,10013,10111),(100014,'2404',9,10014,10207),(100015,'6982',4,10015,10066),(100016,'6394',8,10016,10051),(100017,'1301',10,10017,10090),(100018,'7233',7,10018,10265),(100019,'5351',10,10019,10122),(100020,'16807',8,10020,10131),(100021,'11648',2,10021,10375),(100022,'1182',4,10022,10341),(100023,'12528',4,10023,10399),(100024,'1507',7,10024,10212),(100025,'3303',7,10025,10391),(100026,'9388',2,10026,10345),(100027,'3221',7,10027,10020),(100028,'8631',6,10028,10328),(100029,'6704',8,10029,10395),(100030,'3312',9,10030,10241),(100031,'3662',10,10031,10046),(100032,'4147',1,10032,10271),(100033,'16846',7,10033,10107),(100034,'8776',1,10034,10289),(100035,'4147',1,10035,10271),(100036,'9379',4,10036,10323),(100037,'8263',1,10037,10115),(100038,'16409',8,10038,10125),(100039,'4075',4,10039,10268),(100040,'6394',7,10040,10051),(100041,'16868',5,10041,10120),(100042,'5033',9,10042,10297),(100043,'7731',4,10043,10194),(100044,'3826',5,10044,10385),(100045,'8868',1,10045,10002),(100046,'9595',6,10046,10060),(100047,'7069',3,10047,10015),(100048,'6982',7,10048,10066),(100049,'16844',9,10049,10168),(100050,'7078',5,10050,10292),(100051,'9595',7,10051,10060),(100052,'16559',5,10052,10103),(100053,'3335',5,10053,10099),(100054,'7920',2,10054,10290),(100055,'7277',8,10055,10047),(100056,'14799',5,10056,10355),(100057,'3668',6,10057,10224),(100058,'3909',3,10058,10246),(100059,'9045',6,10059,10101),(100060,'4591',1,10060,10305),(100061,'5627',2,10061,10381),(100062,'7963',3,10062,10093),(100063,'1260',2,10063,10360),(100064,'6924',5,10064,10016),(100065,'4004',5,10065,10273),(100066,'1160',9,10066,10084),(100067,'14827',6,10067,10352),(100068,'4713',7,10068,10059),(100069,'8770',8,10069,10081),(100070,'9595',2,10070,10060),(100071,'5426',6,10071,10313),(100072,'4157',6,10072,10200),(100073,'1833',4,10073,10308),(100074,'2058',6,10074,10396),(100075,'11700',3,10075,10132),(100076,'6483',7,10076,10180),(100077,'4147',2,10077,10271),(100078,'6773',3,10078,10257),(100079,'7233',4,10079,10265),(100080,'14959',2,10080,10392),(100081,'9656',2,10081,10324),(100082,'1507',7,10082,10212),(100083,'2014',1,10083,10014),(100084,'5781',2,10084,10367),(100085,'6746',3,10085,10285),(100086,'9310',4,10086,10069),(100087,'1777',1,10087,10201),(100088,'4004',9,10088,10273),(100089,'5795',1,10089,10039),(100090,'8945',9,10090,10279),(100091,'9798',1,10091,10187),(100092,'2736',1,10092,10239),(100093,'19053',10,10093,10178),(100094,'6982',9,10094,10066),(100095,'16064',3,10095,10117),(100096,'6006',1,10096,10320),(100097,'4149',6,10097,10220),(100098,'13038',3,10098,10152),(100099,'6427',3,10099,10322),(100100,'5337',8,10100,10166),(100101,'9950',6,10101,10346),(100102,'19371',5,10102,10124),(100103,'7298',2,10103,10299),(100104,'1777',8,10104,10201),(100105,'16500',3,10105,10189),(100106,'4831',1,10106,10058),(100107,'7486',10,10107,10368),(100108,'8596',8,10108,10147),(100109,'6168',9,10109,10137),(100110,'8770',5,10110,10081),(100111,'5019',2,10111,10250),(100112,'3330',9,10112,10176),(100113,'14055',6,10113,10351),(100114,'4846',10,10114,10204),(100115,'775',7,10115,10032),(100116,'11724',5,10116,10127),(100117,'9798',9,10117,10187),(100118,'5150',8,10118,10325),(100119,'3939',6,10119,10011),(100120,'4203',2,10120,10260),(100121,'9798',4,10121,10187),(100122,'8083',3,10122,10252),(100123,'5824',6,10123,10343),(100124,'18868',9,10124,10373),(100125,'8945',6,10125,10279),(100126,'16409',3,10126,10125),(100127,'7789',6,10127,10140),(100128,'2828',4,10128,10244),(100129,'6987',8,10129,10116),(100130,'7789',7,10130,10140),(100131,'3662',3,10131,10046),(100132,'7147',10,10132,10079),(100133,'7105',9,10133,10006),(100134,'9610',9,10134,10121),(100135,'7970',8,10135,10112),(100136,'14633',4,10136,10374),(100137,'3939',1,10137,10011),(100138,'3628',10,10138,10388),(100139,'9045',5,10139,10101),(100140,'6657',8,10140,10342),(100141,'9591',2,10141,10113),(100142,'3369',7,10142,10371),(100143,'4849',3,10143,10318),(100144,'6102',9,10144,10023),(100145,'13959',4,10145,10126),(100146,'16489',4,10146,10387),(100147,'7486',7,10147,10368),(100148,'9693',4,10148,10337),(100149,'6657',9,10149,10342),(100150,'12109',3,10150,10133),(100151,'1074',3,10151,10335),(100152,'13858',7,10152,10161),(100153,'9693',4,10153,10337),(100154,'2397',9,10154,10026),(100155,'9610',7,10155,10121),(100156,'16685',8,10156,10108),(100157,'8811',6,10157,10267),(100158,'14633',6,10158,10374),(100159,'1955',3,10159,10336),(100160,'16807',8,10160,10131),(100161,'4945',3,10161,10053),(100162,'17878',3,10162,10160),(100163,'7789',5,10163,10140),(100164,'5547',9,10164,10365),(100165,'1833',8,10165,10308),(100166,'18931',10,10166,10170),(100167,'11550',10,10167,10390),(100168,'14957',1,10168,10129),(100169,'1574',1,10169,10202),(100170,'7658',4,10170,10182),(100171,'4098',5,10171,10231),(100172,'3909',2,10172,10246),(100173,'6406',1,10173,10266),(100174,'6724',6,10174,10050),(100175,'16629',10,10175,10188),(100176,'6314',9,10176,10256),(100177,'925',10,10177,10215),(100178,'1074',2,10178,10335),(100179,'6889',6,10179,10291),(100180,'6427',4,10180,10322),(100181,'5776',6,10181,10027),(100182,'3668',8,10182,10224),(100183,'7105',7,10183,10006),(100184,'1253',9,10184,10314),(100185,'6238',8,10185,10077),(100186,'4931',5,10186,10349),(100187,'3983',10,10187,10334),(100188,'4511',2,10188,10019),(100189,'14542',6,10189,10377),(100190,'3980',4,10190,10242),(100191,'7864',10,10191,10009),(100192,'9610',7,10192,10121),(100193,'8083',7,10193,10252),(100194,'15659',7,10194,10150),(100195,'9601',10,10195,10196),(100196,'9251',2,10196,10095),(100197,'8334',5,10197,10253),(100198,'6314',6,10198,10256),(100199,'18771',6,10199,10146),(100200,'1182',2,10200,10341),(100201,'4513',10,10201,10230),(100202,'3272',4,10202,10223),(100203,'4157',6,10203,10200),(100204,'2828',4,10204,10244),(100205,'16441',5,10205,10394),(100206,'7305',8,10206,10357),(100207,'14263',2,10207,10104),(100208,'6902',10,10208,10094),(100209,'6102',9,10209,10023),(100210,'6873',7,10210,10275),(100211,'13385',8,10211,10378),(100212,'12412',8,10212,10186),(100213,'13006',10,10213,10143),(100214,'6534',9,10214,10086),(100215,'3656',2,10215,10012),(100216,'4075',6,10216,10268),(100217,'2372',7,10217,10327),(100218,'10748',7,10218,10155),(100219,'6889',9,10219,10291),(100220,'8615',10,10220,10000),(100221,'13385',6,10221,10378),(100222,'2614',9,10222,10226),(100223,'4343',3,10223,10263),(100224,'7603',4,10224,10074),(100225,'3119',1,10225,10057),(100226,'3271',5,10226,10243),(100227,'4474',9,10227,10386),(100228,'8941',2,10228,10370),(100229,'7864',2,10229,10009),(100230,'8334',1,10230,10253),(100231,'2910',1,10231,10203),(100232,'11700',2,10232,10132),(100233,'8863',9,10233,10295),(100234,'4207',2,10234,10071),(100235,'4943',6,10235,10205),(100236,'6592',4,10236,10042),(100237,'8745',1,10237,10109),(100238,'6442',6,10238,10307),(100239,'17878',6,10239,10160),(100240,'9693',9,10240,10337),(100241,'10892',7,10241,10100),(100242,'1526',10,10242,10024),(100243,'9706',1,10243,10013),(100244,'8507',10,10244,10303),(100245,'4227',6,10245,10031),(100246,'5776',9,10246,10027),(100247,'8640',10,10247,10262),(100248,'749',7,10248,10064),(100249,'18771',10,10249,10146),(100250,'14055',5,10250,10351),(100251,'7486',2,10251,10255),(100252,'6954',5,10252,10139),(100253,'6924',8,10253,10016),(100254,'4511',6,10254,10019),(100255,'8776',10,10255,10289),(100256,'4028',10,10256,10361),(100257,'14542',2,10257,10377),(100258,'7078',1,10258,10292),(100259,'5047',2,10259,10062),(100260,'5394',9,10260,10048),(100261,'4963',3,10261,10213),(100262,'4513',9,10262,10230),(100263,'1074',6,10263,10335),(100264,'16629',1,10264,10188),(100265,'4592',1,10265,10214),(100266,'5150',1,10266,10325),(100267,'3592',5,10267,10222),(100268,'16868',7,10268,10120),(100269,'7486',1,10269,10368),(100270,'16899',6,10270,10111),(100271,'6873',3,10271,10275),(100272,'4831',7,10272,10058),(100273,'14055',1,10273,10351),(100274,'10892',7,10274,10100),(100275,'11700',10,10275,10132),(100276,'7325',6,10276,10174),(100277,'7920',10,10277,10290),(100278,'8083',3,10278,10252),(100279,'3271',2,10279,10243),(100280,'6483',6,10280,10180),(100281,'5526',2,10281,10278),(100282,'5019',7,10282,10250),(100283,'14827',10,10283,10352),(100284,'4147',5,10284,10271),(100285,'4285',10,10285,10043),(100286,'1844',3,10286,10221),(100287,'8458',5,10287,10075),(100288,'3939',7,10288,10011),(100289,'1799',8,10289,10021),(100290,'4846',3,10290,10204),(100291,'8699',5,10291,10033),(100292,'3953',4,10292,10339),(100293,'3194',4,10293,10245),(100294,'5526',6,10294,10278),(100295,'6985',10,10295,10080),(100296,'1160',9,10296,10084),(100297,'7864',7,10297,10009),(100298,'10583',2,10298,10350),(100299,'1137',10,10299,10347),(100300,'6746',6,10300,10285),(100301,'18868',6,10301,10373),(100302,'19210',2,10302,10172),(100303,'4587',4,10303,10321),(100304,'1260',5,10304,10360),(100305,'4207',3,10305,10071),(100306,'6892',2,10306,10073),(100307,'7920',6,10307,10290),(100308,'12665',2,10308,10372),(100309,'1574',3,10309,10202),(100310,'9950',6,10310,10346),(100311,'5375',6,10311,10078),(100312,'4013',7,10312,10218),(100313,'3221',3,10313,10020),(100314,'7486',7,10314,10255),(100315,'8716',3,10315,10056),(100316,'7078',6,10316,10292),(100317,'3303',8,10317,10391),(100318,'8596',5,10318,10147),(100319,'7486',1,10319,10255),(100320,'5902',6,10320,10070),(100321,'5495',3,10321,10118),(100322,'1074',3,10322,10335),(100323,'6579',5,10323,10185),(100324,'7646',6,10324,10092),(100325,'6168',6,10325,10137),(100326,'16409',1,10326,10125),(100327,'6657',3,10327,10342),(100328,'7006',8,10328,10288),(100329,'3221',6,10329,10020),(100330,'4075',5,10330,10268),(100331,'16064',7,10331,10117),(100332,'7535',7,10332,10158),(100333,'4511',7,10333,10019),(100334,'4591',7,10334,10305),(100335,'5286',1,10335,10369),(100336,'1955',1,10336,10336),(100337,'18307',5,10337,10106),(100338,'5495',7,10338,10118),(100339,'1444',1,10339,10332),(100340,'18028',9,10340,10142),(100341,'6724',5,10341,10050),(100342,'3194',1,10342,10245),(100343,'7789',4,10343,10140),(100344,'7069',6,10344,10015),(100345,'4254',8,10345,10061),(100346,'3277',7,10346,10229),(100347,'12528',9,10347,10399),(100348,'1074',7,10348,10335),(100349,'2404',5,10349,10207),(100350,'9523',9,10350,10304),(100351,'14868',8,10351,10197),(100352,'8334',8,10352,10253),(100353,'5627',2,10353,10381),(100354,'6873',1,10354,10275),(100355,'6385',3,10355,10063),(100356,'2877',8,10356,10065),(100357,'775',1,10357,10032),(100358,'6555',6,10358,10001),(100359,'6442',1,10359,10307),(100360,'6902',9,10360,10094),(100361,'8615',3,10361,10000),(100362,'13385',8,10362,10378),(100363,'4075',9,10363,10268),(100364,'3277',9,10364,10229),(100365,'15391',2,10365,10130),(100366,'6056',8,10366,10382),(100367,'3335',3,10367,10099),(100368,'4945',5,10368,10053),(100369,'3572',5,10369,10037),(100370,'2910',10,10370,10203),(100371,'13006',5,10371,10143),(100372,'6810',8,10372,10088),(100373,'4513',10,10373,10230),(100374,'13623',10,10374,10145),(100375,'15391',3,10375,10130),(100376,'7346',8,10376,10097),(100377,'9251',8,10377,10095),(100378,'15748',2,10378,10379),(100379,'8507',2,10379,10303),(100380,'6902',1,10380,10094),(100381,'4028',7,10381,10361),(100382,'890',1,10382,10211),(100383,'7646',10,10383,10092),(100384,'1182',4,10384,10341),(100385,'1137',5,10385,10347),(100386,'2397',2,10386,10026),(100387,'7376',8,10387,10181),(100388,'8798',1,10388,10076),(100389,'1337',1,10389,10216),(100390,'8863',5,10390,10295),(100391,'9531',7,10391,10193),(100392,'5684',4,10392,10326),(100393,'18868',7,10393,10373),(100394,'6902',2,10394,10094),(100395,'16441',1,10395,10394),(100396,'8263',6,10396,10115),(100397,'16180',10,10397,10192),(100398,'6534',4,10398,10086),(100399,'5774',9,10399,10096),(100400,'16064',5,10400,10117),(100401,'6810',1,10401,10088),(100402,'4203',8,10402,10260),(100403,'8925',1,10403,10316),(100404,'18369',8,10404,10105),(100405,'3980',6,10405,10242),(100406,'4285',2,10406,10043),(100407,'5484',2,10407,10283),(100408,'6924',6,10408,10016),(100409,'7928',9,10409,10040),(100410,'16489',7,10410,10387),(100411,'8304',5,10411,10044),(100412,'19053',4,10412,10178),(100413,'8716',6,10413,10056),(100414,'8682',8,10414,10259),(100415,'4513',3,10415,10230),(100416,'5351',8,10416,10122),(100417,'19377',6,10417,10380),(100418,'14337',10,10418,10136),(100419,'11657',7,10419,10190),(100420,'5150',5,10420,10325),(100421,'7233',4,10421,10265),(100422,'3110',6,10422,10209),(100423,'6987',1,10423,10116),(100424,'8941',8,10424,10370),(100425,'3262',2,10425,10038),(100426,'4858',2,10426,10210),(100427,'2028',2,10427,10234),(100428,'4962',5,10428,10045),(100429,'896',9,10429,10235),(100430,'9388',10,10430,10345),(100431,'2385',1,10431,10054),(100432,'4508',2,10432,10049),(100433,'3241',4,10433,10236),(100434,'5547',9,10434,10365),(100435,'3628',8,10435,10388),(100436,'6724',8,10436,10050),(100437,'9798',6,10437,10187),(100438,'1507',7,10438,10212),(100439,'1799',8,10439,10021),(100440,'2949',6,10440,10248),(100441,'18931',10,10441,10170),(100442,'14959',6,10442,10392),(100443,'9950',8,10443,10346),(100444,'3826',4,10444,10385),(100445,'4858',2,10445,10210),(100446,'8025',2,10446,10286),(100447,'5019',1,10447,10250),(100448,'6657',1,10448,10342),(100449,'14957',3,10449,10129),(100450,'7233',10,10450,10265),(100451,'1074',8,10451,10335),(100452,'3312',10,10452,10082),(100453,'3241',8,10453,10236),(100454,'5291',2,10454,10269),(100455,'6592',2,10455,10042),(100456,'17807',9,10456,10179),(100457,'7147',3,10457,10079),(100458,'7233',8,10458,10265),(100459,'5902',7,10459,10070),(100460,'13623',5,10460,10145),(100461,'4159',8,10461,10085),(100462,'749',10,10462,10064),(100463,'14799',5,10463,10355),(100464,'9591',5,10464,10113),(100465,'13623',4,10465,10145),(100466,'5426',4,10466,10313),(100467,'5684',3,10467,10326),(100468,'5351',8,10468,10122),(100469,'1955',7,10469,10336),(100470,'3628',9,10470,10388),(100471,'8745',4,10471,10109),(100472,'9601',2,10472,10196),(100473,'2385',6,10473,10054),(100474,'3369',3,10474,10371),(100475,'16559',2,10475,10103),(100476,'13385',8,10476,10378),(100477,'4013',8,10477,10218),(100478,'8304',10,10478,10044),(100479,'4203',10,10479,10260),(100480,'7069',10,10480,10015),(100481,'16807',5,10481,10110),(100482,'3980',10,10482,10242),(100483,'1152',5,10483,10007),(100484,'6314',2,10484,10256),(100485,'14587',5,10485,10153),(100486,'7379',2,10486,10029),(100487,'7979',10,10487,10138),(100488,'10583',3,10488,10350),(100489,'7263',10,10489,10035),(100490,'14263',6,10490,10104),(100491,'9798',2,10491,10187),(100492,'12528',10,10492,10399),(100493,'9509',4,10493,10348),(100494,'5150',10,10494,10325),(100495,'6892',5,10495,10073),(100496,'6427',4,10496,10322),(100497,'5684',10,10497,10326),(100498,'3812',2,10498,10217),(100499,'6385',8,10499,10063),(100500,'9509',6,10500,10348),(100501,'7970',14,10501,10112),(100502,'1833',1,10502,10308),(100503,'5495',3,10503,10118),(100504,'4285',19,10504,10043),(100505,'19371',9,10505,10124),(100506,'6006',19,10506,10320),(100507,'19210',14,10507,10172),(100508,'6810',6,10508,10088),(100509,'10989',3,10509,10163),(100510,'1594',8,10510,10237),(100511,'9388',4,10511,10345),(100512,'4079',14,10512,10258),(100513,'8304',16,10513,10044),(100514,'4004',13,10514,10273),(100515,'1340',8,10515,10232),(100516,'13453',8,10516,10363),(100517,'6994',15,10517,10280),(100518,'5526',19,10518,10278),(100519,'6972',12,10519,10358),(100520,'5525',15,10520,10294),(100521,'6483',6,10521,10180),(100522,'15391',17,10522,10130),(100523,'18931',19,10523,10170),(100524,'16846',4,10524,10107),(100525,'8868',17,10525,10002),(100526,'5824',1,10526,10343),(100527,'14799',16,10527,10355),(100528,'9656',3,10528,10324),(100529,'1799',10,10529,10021),(100530,'14957',19,10530,10129),(100531,'9805',19,10531,10022),(100532,'6972',20,10532,10358),(100533,'5033',17,10533,10297),(100534,'6362',11,10534,10272),(100535,'7432',2,10535,10274),(100536,'11231',13,10536,10364),(100537,'10748',3,10537,10155),(100538,'6362',3,10538,10272),(100539,'4203',6,10539,10260),(100540,'5033',9,10540,10297),(100541,'4474',5,10541,10386),(100542,'3628',15,10542,10388),(100543,'2736',1,10543,10239),(100544,'4004',8,10544,10273),(100545,'3376',7,10545,10072),(100546,'15164',13,10546,10175),(100547,'8334',7,10547,10253),(100548,'7122',13,10548,10302),(100549,'7006',13,10549,10288),(100550,'4227',12,10550,10031),(100551,'12528',6,10551,10399),(100552,'7147',15,10552,10079),(100553,'7928',2,10553,10040),(100554,'6190',11,10554,10195),(100555,'2736',17,10555,10239),(100556,'3928',15,10556,10005),(100557,'8745',7,10557,10109),(100558,'4203',13,10558,10260),(100559,'7454',4,10559,10264),(100560,'7718',13,10560,10261),(100561,'8089',16,10561,10251),(100562,'12528',2,10562,10399),(100563,'9950',20,10563,10346),(100564,'4962',19,10564,10045),(100565,'16441',4,10565,10394),(100566,'16844',2,10566,10168),(100567,'19371',9,10567,10124),(100568,'7731',8,10568,10194),(100569,'9601',11,10569,10196),(100570,'8615',10,10570,10000),(100571,'3110',14,10571,10209),(100572,'9805',6,10572,10022),(100573,'3312',18,10573,10241),(100574,'3042',11,10574,10028),(100575,'6982',13,10575,10066),(100576,'5337',1,10576,10166),(100577,'3110',2,10577,10209),(100578,'6724',13,10578,10050),(100579,'9595',20,10579,10060),(100580,'6704',15,10580,10395),(100581,'13335',16,10581,10173),(100582,'9950',6,10582,10346),(100583,'8716',11,10583,10056),(100584,'9531',12,10584,10193),(100585,'13858',11,10585,10161),(100586,'3144',3,10586,10312),(100587,'5426',20,10587,10313),(100588,'4963',9,10588,10213),(100589,'4013',10,10589,10218),(100590,'15391',17,10590,10130),(100591,'7970',12,10591,10112),(100592,'6892',5,10592,10073),(100593,'9591',16,10593,10113),(100594,'16441',11,10594,10394),(100595,'12680',12,10595,10398),(100596,'3812',15,10596,10217),(100597,'18369',7,10597,10105),(100598,'8811',4,10598,10267),(100599,'13107',20,10599,10169),(100600,'4147',1,10600,10271),(100601,'2736',14,10601,10239),(100602,'4004',4,10602,10273),(100603,'7864',3,10603,10009),(100604,'3572',6,10604,10037),(100605,'19377',12,10605,10380),(100606,'13414',8,10606,10383),(100607,'3983',1,10607,10334),(100608,'7105',1,10608,10006),(100609,'5351',11,10609,10122),(100610,'4098',15,10610,10231),(100611,'6255',11,10611,10296),(100612,'9706',1,10612,10013),(100613,'5781',2,10613,10367),(100614,'3277',10,10614,10229),(100615,'4157',6,10615,10200),(100616,'15391',16,10616,10130),(100617,'2949',5,10617,10248),(100618,'5547',14,10618,10365),(100619,'16807',13,10619,10131),(100620,'15391',9,10620,10130),(100621,'6102',14,10621,10023),(100622,'10583',2,10622,10350),(100623,'16441',7,10623,10394),(100624,'12665',20,10624,10372),(100625,'7105',3,10625,10006),(100626,'12665',7,10626,10372),(100627,'5033',14,10627,10297),(100628,'6746',13,10628,10285),(100629,'14341',3,10629,10376),(100630,'7006',20,10630,10288),(100631,'17765',11,10631,10123),(100632,'1844',13,10632,10221),(100633,'3262',11,10633,10038),(100634,'8682',20,10634,10259),(100635,'6255',12,10635,10296),(100636,'3241',6,10636,10236),(100637,'4159',15,10637,10085),(100638,'7492',13,10638,10254),(100639,'13623',17,10639,10145),(100640,'1648',5,10640,10208),(100641,'1777',12,10641,10201),(100642,'7486',14,10642,10368),(100643,'14443',8,10643,10151),(100644,'6892',4,10644,10073),(100645,'4075',8,10645,10268),(100646,'6534',5,10646,10086),(100647,'1526',20,10647,10024),(100648,'14957',2,10648,10129),(100649,'12680',13,10649,10398),(100650,'8699',20,10650,10033),(100651,'13858',10,10651,10161),(100652,'7069',12,10652,10015),(100653,'3150',15,10653,10331),(100654,'8631',16,10654,10328),(100655,'7401',12,10655,10004),(100656,'2828',11,10656,10244),(100657,'2938',11,10657,10233),(100658,'8863',3,10658,10295),(100659,'17801',2,10659,10183),(100660,'8567',7,10660,10089),(100661,'2910',17,10661,10203),(100662,'2877',5,10662,10065),(100663,'14055',11,10663,10351),(100664,'9798',16,10664,10187),(100665,'13107',16,10665,10169),(100666,'5198',20,10666,10293),(100667,'8976',7,10667,10340),(100668,'8263',13,10668,10115),(100669,'9656',2,10669,10324),(100670,'3335',6,10670,10099),(100671,'7492',20,10671,10254),(100672,'16844',9,10672,10168),(100673,'16629',19,10673,10188),(100674,'17801',8,10674,10183),(100675,'11231',11,10675,10364),(100676,'6203',19,10676,10036),(100677,'15748',9,10677,10379),(100678,'1648',10,10678,10208),(100679,'8458',13,10679,10075),(100680,'1895',2,10680,10030),(100681,'11265',18,10681,10119),(100682,'14514',4,10682,10156),(100683,'6314',7,10683,10256),(100684,'5286',16,10684,10369),(100685,'4713',3,10685,10059),(100686,'4618',2,10686,10329),(100687,'3277',7,10687,10229),(100688,'14055',4,10688,10351),(100689,'6773',17,10689,10257),(100690,'11700',11,10690,10132),(100691,'7305',6,10691,10357),(100692,'3312',17,10692,10241),(100693,'4962',20,10693,10045),(100694,'4207',8,10694,10071),(100695,'16489',18,10695,10387),(100696,'5781',17,10696,10367),(100697,'16064',18,10697,10117),(100698,'1955',3,10698,10336),(100699,'16629',8,10699,10188),(100700,'6362',1,10700,10272),(100701,'4618',18,10701,10329),(100702,'9656',11,10702,10324),(100703,'1955',16,10703,10336),(100704,'2404',15,10704,10207),(100705,'4075',8,10705,10268),(100706,'19377',5,10706,10380),(100707,'8716',16,10707,10056),(100708,'5465',4,10708,10315),(100709,'16807',13,10709,10131),(100710,'9509',18,10710,10348),(100711,'14443',17,10711,10151),(100712,'8745',7,10712,10109),(100713,'11648',2,10713,10375),(100714,'3150',2,10714,10331),(100715,'14337',9,10715,10136),(100716,'8868',19,10716,10002),(100717,'18771',7,10717,10146),(100718,'1137',11,10718,10347),(100719,'9591',15,10719,10113),(100720,'6056',12,10720,10382),(100721,'4831',7,10721,10058),(100722,'7979',14,10722,10138),(100723,'9045',19,10723,10101),(100724,'2828',8,10724,10244),(100725,'17765',15,10725,10123),(100726,'6385',18,10726,10063),(100727,'5019',8,10727,10250),(100728,'4474',2,10728,10386),(100729,'1574',7,10729,10202),(100730,'6873',8,10730,10275),(100731,'4098',6,10731,10231),(100732,'3303',9,10732,10391),(100733,'18868',7,10733,10373),(100734,'2028',20,10734,10234),(100735,'6982',1,10735,10066),(100736,'6021',4,10736,10270),(100737,'1844',14,10737,10221),(100738,'6102',9,10738,10023),(100739,'15748',20,10739,10379),(100740,'14959',4,10740,10392),(100741,'14633',19,10741,10374),(100742,'17807',10,10742,10179),(100743,'4616',15,10743,10309),(100744,'5774',17,10744,10096),(100745,'2290',13,10745,10317),(100746,'18868',15,10746,10373),(100747,'2028',1,10747,10234),(100748,'8976',3,10748,10340),(100749,'15748',16,10749,10379),(100750,'17134',1,10750,10102),(100751,'16559',5,10751,10103),(100752,'15659',9,10752,10150),(100753,'7920',15,10753,10290),(100754,'6143',2,10754,10018),(100755,'6021',4,10755,10270),(100756,'7409',16,10756,10052),(100757,'10912',11,10757,10177),(100758,'9045',9,10758,10101),(100759,'15164',19,10759,10175),(100760,'2028',12,10760,10234),(100761,'6954',17,10761,10139),(100762,'5337',3,10762,10166),(100763,'10892',1,10763,10100),(100764,'18028',20,10764,10142),(100765,'6985',14,10765,10080),(100766,'6982',11,10766,10066),(100767,'2736',16,10767,10239),(100768,'7646',19,10768,10092),(100769,'5684',12,10769,10326),(100770,'6255',9,10770,10296),(100771,'1340',3,10771,10232),(100772,'5774',16,10772,10096),(100773,'4149',16,10773,10220),(100774,'19377',18,10774,10380),(100775,'6021',3,10775,10270),(100776,'3656',6,10776,10012),(100777,'5902',10,10777,10070),(100778,'8976',6,10778,10340),(100779,'13385',20,10779,10378),(100780,'17134',10,10780,10102),(100781,'7233',20,10781,10265),(100782,'5902',9,10782,10070),(100783,'14959',12,10783,10392),(100784,'2910',8,10784,10203),(100785,'2048',2,10785,10219),(100786,'4066',8,10786,10157),(100787,'4511',19,10787,10019),(100788,'5465',19,10788,10315),(100789,'4618',16,10789,10329),(100790,'7263',11,10790,10035),(100791,'18024',5,10791,10165),(100792,'12680',18,10792,10398),(100793,'1182',19,10793,10341),(100794,'7147',16,10794,10079),(100795,'8699',17,10795,10033),(100796,'3369',14,10796,10371),(100797,'4203',10,10797,10260),(100798,'5625',16,10798,10198),(100799,'11657',12,10799,10190),(100800,'8089',11,10800,10199),(100801,'4227',12,10801,10031),(100802,'4207',1,10802,10071),(100803,'18028',18,10803,10142),(100804,'6385',16,10804,10063),(100805,'6056',13,10805,10382),(100806,'3221',10,10806,10020),(100807,'5161',4,10807,10311),(100808,'5351',10,10808,10122),(100809,'4943',20,10809,10205),(100810,'6255',15,10810,10296),(100811,'7718',2,10811,10261),(100812,'16500',17,10812,10189),(100813,'18369',5,10813,10105),(100814,'10892',10,10814,10100),(100815,'9601',20,10815,10196),(100816,'3144',17,10816,10312),(100817,'5774',17,10817,10096),(100818,'5547',15,10818,10365),(100819,'5547',15,10819,10365),(100820,'1844',4,10820,10221),(100821,'775',7,10821,10032),(100822,'7122',6,10822,10302),(100823,'18307',9,10823,10106),(100824,'3812',19,10824,10217),(100825,'2397',8,10825,10026),(100826,'2372',5,10826,10327),(100827,'8941',12,10827,10370),(100828,'4227',12,10828,10031),(100829,'5774',9,10829,10096),(100830,'13414',1,10830,10383),(100831,'5550',17,10831,10017),(100832,'5286',6,10832,10369),(100833,'3826',15,10833,10385),(100834,'3312',14,10834,10082),(100835,'2164',13,10835,10249),(100836,'11724',2,10836,10127),(100837,'5198',3,10837,10293),(100838,'4098',4,10838,10231),(100839,'6212',14,10839,10330),(100840,'6810',2,10840,10088),(100841,'8868',3,10841,10002),(100842,'2938',12,10842,10233),(100843,'1799',7,10843,10021),(100844,'4207',13,10844,10071),(100845,'4343',2,10845,10263),(100846,'8304',15,10846,10044),(100847,'6102',19,10847,10023),(100848,'16064',11,10848,10117),(100849,'3592',17,10849,10222),(100850,'2385',14,10850,10054),(100851,'14799',16,10851,10355),(100852,'9531',7,10852,10193),(100853,'6555',10,10853,10001),(100854,'9738',8,10854,10333),(100855,'5550',5,10855,10017),(100856,'6892',18,10856,10073),(100857,'7928',5,10857,10040),(100858,'9601',7,10858,10196),(100859,'3312',11,10859,10082),(100860,'4149',15,10860,10220),(100861,'7915',8,10861,10128),(100862,'7535',11,10862,10158),(100863,'14270',10,10863,10366),(100864,'4508',20,10864,10049),(100865,'6483',11,10865,10180),(100866,'4969',16,10866,10067),(100867,'5033',15,10867,10297),(100868,'14443',9,10868,10151),(100869,'4227',5,10869,10031),(100870,'2910',14,10870,10203),(100871,'6394',18,10871,10051),(100872,'1895',9,10872,10030),(100873,'6427',8,10873,10322),(100874,'6987',12,10874,10116),(100875,'10892',9,10875,10100),(100876,'1799',11,10876,10021),(100877,'6746',6,10877,10285),(100878,'2818',14,10878,10393),(100879,'18028',19,10879,10142),(100880,'5684',19,10880,10326),(100881,'4159',5,10881,10085),(100882,'14443',17,10882,10151),(100883,'3376',15,10883,10072),(100884,'1208',12,10884,10301),(100885,'7979',19,10885,10138),(100886,'8699',8,10886,10033),(100887,'2397',7,10887,10026),(100888,'12528',12,10888,10399),(100889,'13858',10,10889,10161),(100890,'9610',2,10890,10121),(100891,'5465',6,10891,10315),(100892,'3335',1,10892,10099),(100893,'6579',4,10893,10185),(100894,'13623',5,10894,10145),(100895,'4846',9,10895,10204),(100896,'6704',2,10896,10395),(100897,'7147',4,10897,10079),(100898,'1260',14,10898,10360),(100899,'1844',5,10899,10221),(100900,'18369',19,10900,10105),(100901,'2938',19,10901,10233),(100902,'1526',11,10902,10024),(100903,'2404',13,10903,10207),(100904,'7006',3,10904,10288),(100905,'7789',6,10905,10140),(100906,'9045',1,10906,10101),(100907,'5337',2,10907,10166),(100908,'1697',5,10908,10225),(100909,'12412',15,10909,10186),(100910,'3376',6,10910,10072),(100911,'7432',2,10911,10274),(100912,'3909',12,10912,10246),(100913,'7963',5,10913,10093),(100914,'1340',2,10914,10232),(100915,'7492',5,10915,10254),(100916,'6238',15,10916,10077),(100917,'7277',6,10917,10047),(100918,'11941',8,10918,10154),(100919,'13453',9,10919,10363),(100920,'10583',12,10920,10350),(100921,'1152',6,10921,10007),(100922,'7147',20,10922,10079),(100923,'5684',3,10923,10326),(100924,'7147',11,10924,10079),(100925,'7069',12,10925,10015),(100926,'6212',10,10926,10330),(100927,'5776',10,10927,10027),(100928,'4592',1,10928,10214),(100929,'3939',18,10929,10011),(100930,'7193',16,10930,10287),(100931,'3668',3,10931,10224),(100932,'16868',16,10932,10120),(100933,'13959',4,10933,10126),(100934,'8868',7,10934,10002),(100935,'4858',12,10935,10210),(100936,'4849',12,10936,10318),(100937,'8811',9,10937,10267),(100938,'9656',8,10938,10324),(100939,'4207',7,10939,10071),(100940,'6873',10,10940,10275),(100941,'9251',6,10941,10095),(100942,'6255',19,10942,10296),(100943,'5291',9,10943,10269),(100944,'14959',11,10944,10392),(100945,'18307',19,10945,10106),(100946,'7193',17,10946,10287),(100947,'8745',5,10947,10109),(100948,'7864',13,10948,10009),(100949,'3303',17,10949,10391),(100950,'1895',10,10950,10030),(100951,'6902',16,10951,10094),(100952,'8025',3,10952,10286),(100953,'6184',5,10953,10191),(100954,'11284',11,10954,10144),(100955,'1137',11,10955,10347),(100956,'1895',5,10956,10030),(100957,'7243',11,10957,10306),(100958,'7920',12,10958,10290),(100959,'8863',9,10959,10295),(100960,'6724',3,10960,10050),(100961,'925',5,10961,10215),(100962,'11277',3,10962,10359),(100963,'18369',14,10963,10105),(100964,'7193',12,10964,10287),(100965,'2290',9,10965,10317),(100966,'2014',9,10966,10014),(100967,'5795',10,10967,10039),(100968,'3376',19,10968,10072),(100969,'8682',19,10969,10259),(100970,'4819',2,10970,10041),(100971,'17765',3,10971,10123),(100972,'925',2,10972,10215),(100973,'16180',15,10973,10192),(100974,'4285',17,10974,10043),(100975,'6902',18,10975,10094),(100976,'8770',13,10976,10081),(100977,'4285',2,10977,10043),(100978,'5019',10,10978,10250),(100979,'9738',13,10979,10333),(100980,'6987',7,10980,10116),(100981,'14220',18,10981,10159),(100982,'1606',9,10982,10344),(100983,'11648',14,10983,10375),(100984,'4207',19,10984,10071),(100985,'8334',5,10985,10253),(100986,'3909',5,10986,10246),(100987,'1305',8,10987,10356),(100988,'1697',19,10988,10225),(100989,'5465',10,10989,10315),(100990,'16137',19,10990,10384),(100991,'8941',16,10991,10370),(100992,'6394',8,10992,10051),(100993,'14341',5,10993,10376),(100994,'5351',11,10994,10122),(100995,'14270',10,10995,10366),(100996,'7718',9,10996,10261),(100997,'7346',10,10997,10097),(100998,'3241',12,10998,10236),(100999,'18307',18,10999,10106);
/*!40000 ALTER TABLE `order_record` ENABLE KEYS */;
UNLOCK TABLES;

--
-- Table structure for table `user`
--

DROP TABLE IF EXISTS `user`;
/*!40101 SET @saved_cs_client     = @@character_set_client */;
/*!50503 SET character_set_client = utf8mb4 */;
CREATE TABLE `user` (
  `idUSER` int NOT NULL AUTO_INCREMENT,
  `userName` varchar(45) NOT NULL,
  `telNo` varchar(45) DEFAULT NULL,
  `address` varchar(45) DEFAULT NULL,
  `userPassword` varchar(45) NOT NULL,
  `Email` varchar(45) DEFAULT NULL,
  `balance` float DEFAULT NULL,
  PRIMARY KEY (`idUSER`)
) ENGINE=InnoDB AUTO_INCREMENT=1101 DEFAULT CHARSET=utf8;
/*!40101 SET character_set_client = @saved_cs_client */;

--
-- Dumping data for table `user`
--

LOCK TABLES `user` WRITE;
/*!40000 ALTER TABLE `user` DISABLE KEYS */;
INSERT INTO `user` VALUES (1000,'用户1',NULL,NULL,'4a44c15fc82811509f34a7c064161176',NULL,NULL),(1001,'用户2',NULL,NULL,'cb49b7cff0da8ce6e879349612da0208',NULL,NULL),(1002,'用户3',NULL,NULL,'6ee6934ce1c5f94273c8ae17599e0924',NULL,NULL),(1003,'用户4',NULL,NULL,'931ca290c1eeb3e628bdd9c85595945d',NULL,NULL),(1004,'用户5',NULL,NULL,'a977c0816c24c5e04cfd53c61bdc0118',NULL,NULL),(1005,'用户6',NULL,NULL,'d9c23d8fb9d2b064ae3b013392e1b340',NULL,NULL),(1006,'用户7',NULL,NULL,'7fbce17ff67c72949ea82b5186a97809',NULL,NULL),(1007,'用户8',NULL,NULL,'8daf0bc5d61698f2b27f47c284495b27',NULL,NULL),(1008,'用户9',NULL,NULL,'60154d649a530468e7e6f2c558539674',NULL,NULL),(1009,'用户10',NULL,NULL,'4b301be8fccd0a5188acf0146247a4da',NULL,NULL),(1010,'用户11',NULL,NULL,'db92b29d201d6d3d0ff7e8fd56f6915e',NULL,NULL),(1011,'用户12',NULL,NULL,'d148c991858d97c1418280daf3c71d79',NULL,NULL),(1012,'用户13',NULL,NULL,'81d53b3bb917e47af4d750fb9bad6027',NULL,NULL),(1013,'用户14',NULL,NULL,'abae1441ba48b900482d6b5161aeb692',NULL,NULL),(1014,'用户15',NULL,NULL,'5c1ff8d7c864f750ccebdb821fd55790',NULL,NULL),(1015,'用户16',NULL,NULL,'abb179567ce12bb55b5157064ed7ada5',NULL,NULL),(1016,'用户17',NULL,NULL,'08de4f6fdde021b234eaed319e8076cd',NULL,NULL),(1017,'用户18',NULL,NULL,'dbd9a980b548a3d4a04c6790b35f2f3b',NULL,NULL),(1018,'用户19',NULL,NULL,'e61f909baab8ff94dd0f33b099d3ce79',NULL,NULL),(1019,'用户20',NULL,NULL,'4ebddfa148a5e31926561b58181869ec',NULL,NULL),(1020,'用户21',NULL,NULL,'6f041b892d096d047a2f1bdbacb6f852',NULL,NULL),(1021,'用户22',NULL,NULL,'f6819d1832e8acda07581489645753d5',NULL,NULL),(1022,'用户23',NULL,NULL,'0cab1f97cd47eb46d3d5cfc8fd104152',NULL,NULL),(1023,'用户24',NULL,NULL,'fad531cc6a188ab3bad097ca50f67b28',NULL,NULL),(1024,'用户25',NULL,NULL,'14999913d89761762ea3ac1f0f2fdc10',NULL,NULL),(1025,'用户26',NULL,NULL,'3e4a5ffccb150431d7b45860a9a33fbb',NULL,NULL),(1026,'用户27',NULL,NULL,'a7258d879627ee3825553ddbf7818c93',NULL,NULL),(1027,'用户28',NULL,NULL,'acc7ced5d9ab04953f0947ba1f9973fd',NULL,NULL),(1028,'用户29',NULL,NULL,'a0ad0e98dda33aaf81fe0f6ba3600674',NULL,NULL),(1029,'用户30',NULL,NULL,'99e1bf67a007556bc6cab2f44d98ab53',NULL,NULL),(1030,'用户31',NULL,NULL,'e72d4882692e2c09c306e96dd8188d7b',NULL,NULL),(1031,'用户32',NULL,NULL,'618653424a5aaa7a257b2ba16fafc9e7',NULL,NULL),(1032,'用户33',NULL,NULL,'b157299de4cd88390e69675b3b1854e7',NULL,NULL),(1033,'用户34',NULL,NULL,'0c761a80ff08cbd3e7762ecab71380fb',NULL,NULL),(1034,'用户35',NULL,NULL,'8f321c7fd7946963bffd5a3912cb3352',NULL,NULL),(1035,'用户36',NULL,NULL,'3f686c911d199f87b72f9975fb46d043',NULL,NULL),(1036,'用户37',NULL,NULL,'9867aeb92dd62cd72f866a7d252a2916',NULL,NULL),(1037,'用户38',NULL,NULL,'675c935cbd246fd3bfdc141a7ea2c36e',NULL,NULL),(1038,'用户39',NULL,NULL,'7257e38f99032bbc2133fc8820fd375d',NULL,NULL),(1039,'用户40',NULL,NULL,'ff76081d9306940904528f2d364585a8',NULL,NULL),(1040,'用户41',NULL,NULL,'61091765abf97ccc0372de2cef754588',NULL,NULL),(1041,'用户42',NULL,NULL,'064c3c3e82ec5908e485bf881da6d9e8',NULL,NULL),(1042,'用户43',NULL,NULL,'6373f974b3f2c9ea843c55aae033c658',NULL,NULL),(1043,'用户44',NULL,NULL,'e7fa5c8bb7fe24a66d6770e72dcaeba2',NULL,NULL),(1044,'用户45',NULL,NULL,'488632491984e89b190becaa1ca3d297',NULL,NULL),(1045,'用户46',NULL,NULL,'78c4eb70da6b4e80994d8a8bf33ac7dc',NULL,NULL),(1046,'用户47',NULL,NULL,'f55a250b474c978c6a10fd73ed6a9e26',NULL,NULL),(1047,'用户48',NULL,NULL,'9398b5afe61553335056e074f2241ea3',NULL,NULL),(1048,'用户49',NULL,NULL,'4714b2ad260a6f0599c9635c8e5503cf',NULL,NULL),(1049,'用户50',NULL,NULL,'1b4616907dc327fb89ccd5642787d626',NULL,NULL),(1050,'用户51',NULL,NULL,'23a02c9e3ff61ba9313203578b65c0ac',NULL,NULL),(1051,'用户52',NULL,NULL,'7e64ebe0f66505e1aabef76fb2a8d149',NULL,NULL),(1052,'用户53',NULL,NULL,'da43520a81710b4a4daf6914dbc874a7',NULL,NULL),(1053,'用户54',NULL,NULL,'acfa9e7f48d48f039b711f7167af8a5c',NULL,NULL),(1054,'用户55',NULL,NULL,'6f0bc8dd63ca47f91ebc24a1b1a01396',NULL,NULL),(1055,'用户56',NULL,NULL,'b5bf81d28a2d3a8c22393d3ea2fc6aa7',NULL,NULL),(1056,'用户57',NULL,NULL,'9d43017bc16d0b175bf4206195966b38',NULL,NULL),(1057,'用户58',NULL,NULL,'48900a4fe22dc7bb5f4d942d3256de8a',NULL,NULL),(1058,'用户59',NULL,NULL,'9a36cdae0ca27969bd099d50c845ce1b',NULL,NULL),(1059,'用户60',NULL,NULL,'fe24f5293ffbd14a1ac9a1d2b5f4a10b',NULL,NULL),(1060,'用户61',NULL,NULL,'75e3432b5bbcc9b9980154f0d0713d35',NULL,NULL),(1061,'用户62',NULL,NULL,'bc2cdf37eee57c7462b55c9cae59dd1d',NULL,NULL),(1062,'用户63',NULL,NULL,'eeda43d8fae8e512fb3157f17ec6c077',NULL,NULL),(1063,'用户64',NULL,NULL,'5f2c486a116092b4a59955a3bde59232',NULL,NULL),(1064,'用户65',NULL,NULL,'5f61dd36383d7a1ad4fef14ceb45249c',NULL,NULL),(1065,'用户66',NULL,NULL,'36ea065fd94f344952c88064edc7b775',NULL,NULL),(1066,'用户67',NULL,NULL,'ba1a45050502dafa9cf830ff3c96aff0',NULL,NULL),(1067,'用户68',NULL,NULL,'068237b0077ca53d071e53f63e76b18b',NULL,NULL),(1068,'用户69',NULL,NULL,'0bd96b04bbfdb01287734c4ee1bc6144',NULL,NULL),(1069,'用户70',NULL,NULL,'69c74e5a236014bef726bd4f460c0d0c',NULL,NULL),(1070,'用户71',NULL,NULL,'8073f8cb3fd2a0561b98340dc3ee2779',NULL,NULL),(1071,'用户72',NULL,NULL,'95e751277e239a989c547086d66d1482',NULL,NULL),(1072,'用户73',NULL,NULL,'b8093899c61df7126c6196a99e0af696',NULL,NULL),(1073,'用户74',NULL,NULL,'248cd26250be4b382ba5d0f38fb45eef',NULL,NULL),(1074,'用户75',NULL,NULL,'68e053921bec15d5bb1d960612052c5c',NULL,NULL),(1075,'用户76',NULL,NULL,'b4957e2938c623ac86c4504321ad8381',NULL,NULL),(1076,'用户77',NULL,NULL,'f2b7050967b638a41bda829e84f894f6',NULL,NULL),(1077,'用户78',NULL,NULL,'b932a071884ee1e58e666b56207f3561',NULL,NULL),(1078,'用户79',NULL,NULL,'b86eb866ed826f89e55028a69bd74a4d',NULL,NULL),(1079,'用户80',NULL,NULL,'52349030597314fc8f13fd22ee0f0674',NULL,NULL),(1080,'用户81',NULL,NULL,'ae3c1008c458787a323569e922e03727',NULL,NULL),(1081,'用户82',NULL,NULL,'32889be7e5b7865e7e93476d38a92b44',NULL,NULL),(1082,'用户83',NULL,NULL,'6fc7c6ed55b3ccb3332a9efd759ffe9b',NULL,NULL),(1083,'用户84',NULL,NULL,'244c0187e919f00bbd214d7cea970385',NULL,NULL),(1084,'用户85',NULL,NULL,'2f53d41fc165b94c10d5dfb974370bbc',NULL,NULL),(1085,'用户86',NULL,NULL,'e938928a7ecd7b3277e6f4f539f4a1f3',NULL,NULL),(1086,'用户87',NULL,NULL,'74a72c36524c88213ca3e4ff42c657cb',NULL,NULL),(1087,'用户88',NULL,NULL,'02b96968340dcb64645745ff296f2436',NULL,NULL),(1088,'用户89',NULL,NULL,'42ebc65b8db7a3436db9f72a35867c1d',NULL,NULL),(1089,'用户90',NULL,NULL,'6809199e5c16e462cae14627a795afb9',NULL,NULL),(1090,'用户91',NULL,NULL,'d26e9bb9604b199509ec99dd86609bbe',NULL,NULL),(1091,'用户92',NULL,NULL,'cf835ad32f412be29c8e27645a582a82',NULL,NULL),(1092,'用户93',NULL,NULL,'99b6bd811b98b47e2ab3dc86b83d1c84',NULL,NULL),(1093,'用户94',NULL,NULL,'17498c4e5d6cf3a8c305b6f95e36e48a',NULL,NULL),(1094,'用户95',NULL,NULL,'c3b503e5e7f811e37bbd2d8b8e5790f8',NULL,NULL),(1095,'用户96',NULL,NULL,'a7d6051f6b923e2587f99e554b2638a9',NULL,NULL),(1096,'用户97',NULL,NULL,'a4ea68e030f34408a408abb4a9aa2a61',NULL,NULL),(1097,'用户98',NULL,NULL,'156ea39dd959effcfc61a53abb1ab8c3',NULL,NULL),(1098,'用户99',NULL,NULL,'87f1d13c7e45d72fa06839ca57592397',NULL,NULL),(1099,'用户100',NULL,NULL,'0e76a6649a1d87b7b9451702c7d2d36e',NULL,NULL),(1100,'哈哈哈',NULL,NULL,'96e79218965eb72c92a549dd5a330112',NULL,NULL);
/*!40000 ALTER TABLE `user` ENABLE KEYS */;
UNLOCK TABLES;
/*!40103 SET TIME_ZONE=@OLD_TIME_ZONE */;

/*!40101 SET SQL_MODE=@OLD_SQL_MODE */;
/*!40014 SET FOREIGN_KEY_CHECKS=@OLD_FOREIGN_KEY_CHECKS */;
/*!40014 SET UNIQUE_CHECKS=@OLD_UNIQUE_CHECKS */;
/*!40101 SET CHARACTER_SET_CLIENT=@OLD_CHARACTER_SET_CLIENT */;
/*!40101 SET CHARACTER_SET_RESULTS=@OLD_CHARACTER_SET_RESULTS */;
/*!40101 SET COLLATION_CONNECTION=@OLD_COLLATION_CONNECTION */;
/*!40111 SET SQL_NOTES=@OLD_SQL_NOTES */;

-- Dump completed on 2020-07-17 15:40:41
